Type,Title,Location,Bedrooms,Bathrooms,Space,Price
Villa,Villa with installment at silver sands under marke,"Silver Sands, Qesm Marsa Matrouh, North Coast",3 bedrooms,3 bathrooms,208 sqm,"1,600,000 EGP"
Chalet,Amwaj | under market price | Chalet | 1st floor,"Amwaj, Al Alamein, North Coast",2 bedrooms,2 bathrooms,110 sqm,"2,200,000 EGP"
Twin House,Amazing Special Twin Villa for sale at Amwaj windy,"Amwaj, Al Alamein, North Coast",4 bedrooms,3 bathrooms,223 sqm,"5,950,000 EGP"
Chalet,chalet sea view Ready to move in northcoast,"La Vista Bay, La Vista, Qesm Ad Dabaah, North Coast",3 bedrooms,2 bathrooms,150 sqm,"1,837,500 EGP"
Apartment,Apartment for sale at Mountain View Icity October,"Mountain View October Park, 6th District, 6 October City, Giza",3 bedrooms,3 bathrooms,140 sqm,"2,600,000 EGP"
Chalet,Lagoon view chalets at Bianchi in Sidi AbdelRahman,"Bianchi, Sidi Abdel Rahman, North Coast",2 bedrooms,3 bathrooms,95 sqm,"2,800,000 EGP"
Chalet,للبيع بانوراما السخنه فيو صريح للبحر و البول بحري,"Panorama, Porto Sokhna, Al Ain Al Sokhna, Suez",2 bedrooms,2 bathrooms,100 sqm,"750,000 EGP"
Chalet,Sea and Pool View | Never used before | Best Price,"La Vista 6, La Vista, Al Ain Al Sokhna, Suez",3 bedrooms,2 bathrooms,140 sqm,"2,650,000 EGP"
Townhouse,Town resale in Woodville golf extension,"Palm Hills WoodVille, Al Wahat Road, 6 October City, Giza",4 bedrooms,3 bathrooms,257 sqm,"6,000,000 EGP"
Villa,under market price Villa at eagles compound 500m,"Eagles, 5th Settlement Compounds, The 5th Settlement, New Cairo City, Cairo",4 bedrooms,6 bathrooms,500 sqm,"5,600,000 EGP"
Twin House,Twin House For Sale In Hyde Park new Cairo,"Hyde Park, 5th Settlement Compounds, The 5th Settlement, New Cairo City, Cairo",4 bathrooms,324 sqm,,"9,500,000 EGP"
iVilla,I villa roof Middle with Prime location a mountain,"Mountain View Hyde Park, 5th Settlement Compounds, The 5th Settlement, New Cairo City, Cairo",3 bedrooms,3 bathrooms,300 sqm,"5,000,000 EGP"
Apartment,apartment finished with ACs delivery after 6months,"Zed Towers, Sheikh Zayed Compounds, Sheikh Zayed City, Giza",3 bedrooms,3 bathrooms,168 sqm,"6,200,000 EGP"
Townhouse,Townhouse 175m WZ credit 9 Y aNd special cash dis.,"The Wonder Marq, Mostakbal City Compounds, Mostakbal City - Future City, Cairo",3 bedrooms,3 bathrooms,175 sqm,"3,900,000 EGP"
Twin House,Special Twin Villa - Biggest Land- Best Price/View,"Palm Hills Kattameya, El Katameya Compounds, El Katameya, New Cairo City, Cairo",4 bedrooms,4 bathrooms,708 sqm,"9,999,999 EGP"
Penthouse,less than market price ready to move direct owner,"Hyde Park, 5th Settlement Compounds, The 5th Settlement, New Cairo City, Cairo",3 bedrooms,3 bathrooms,384 sqm,"4,150,000 EGP"
Villa,Receive now villa in Sheikh Zayed next to HyperOne,"Etapa, Sheikh Zayed Compounds, Sheikh Zayed City, Giza",5 bedrooms,4 bathrooms,313 sqm,"350,000 EGP"
Hotel Apartment,Service Apartment Fouka Bay for Sale,"Fouka Bay, Qesm Marsa Matrouh, North Coast",2 bedrooms,2 bathrooms,130 sqm,"5,000,000 EGP"
Apartment,Apartment attractive price club house view at CFC,"Cairo Festival City, North Investors Area, New Cairo City, Cairo",3 bedrooms,2 bathrooms,215 sqm,"7,200,000 EGP"
Chalet,For Sale Chalet 95m in Marina ** Direct pool **,"Marassi, Sidi Abdel Rahman, North Coast",1 bedroom,1 bathroom,95 sqm,"5,000,000 EGP"
Villa,Island Villa for sale in Azha Prime location,"Azha, Al Ain Al Sokhna, Suez",3 bedrooms,3 bathrooms,248 sqm,"10,500,000 EGP"
Villa,Stand Alone For Sale In Mivida - New cairo,"Mivida, 5th Settlement Compounds, The 5th Settlement, New Cairo City, Cairo",4 bedrooms,5 bathrooms,470 sqm,"15,000,000 EGP"
Townhouse,Townhouse for sale with 10% DP Palm Hills October,"Palm Hills Golf Extension, Al Wahat Road, 6 October City, Giza",4 bedrooms,4 bathrooms,184 sqm,"680,000 EGP"
Twin House,Twin house 375 sqm for sale on lake - Westridge,"New Giza, Cairo Alexandria Desert Road, 6 October City, Giza",4 bedrooms,4 bathrooms,375 sqm,"8,800,000 EGP"
Apartment,apartment amazing double view with lowest price,"Mountain View Hyde Park, 5th Settlement Compounds, The 5th Settlement, New Cairo City, Cairo",4 bedrooms,3 bathrooms,203 sqm,"3,200,000 EGP"
Villa,Stand Alone installments Over 10 years,"Badya Palm Hills, Sheikh Zayed Compounds, Sheikh Zayed City, Giza",4 bedrooms,3 bathrooms,264 sqm,"6,800,000 EGP"
Apartment,Apartment for sale in Sawari compound 165 m,"Sawary, Alexandria Compounds, Alexandria",4 bedrooms,2 bathrooms,165 sqm,"3,551,000 EGP"
Apartment,Apartment 184m with 10 Years installments in Badya,"Badya Palm Hills, Sheikh Zayed Compounds, Sheikh Zayed City, Giza",3 bedrooms,3 bathrooms,184 sqm,"3,800,000 EGP"
Villa,Villa Sea front fully finished for sale at Marassi,"Marassi, Sidi Abdel Rahman, North Coast",5 bedrooms,5 bathrooms,525 sqm,"74,784,000 EGP"
Apartment,Ready To Move Apartment 145M In Taj City New Cairo,"Taj City, 5th Settlement Compounds, The 5th Settlement, New Cairo City, Cairo",3 bedrooms,2 bathrooms,145 sqm,"500,000 EGP"
Villa,Villa resale in Palm Hills Katameya Pk1,"Palm Hills Kattameya, El Katameya Compounds, El Katameya, New Cairo City, Cairo",5 bedrooms,5 bathrooms,"1,000 sqm","17,000,000 EGP"
Twin House,own in last phase in mountain view with old prices,"Mountain View, Ras Al Hekma, North Coast",3 bedrooms,3 bathrooms,170 sqm,"4,500,000 EGP"
Chalet,Marassi LEA studio for sale lowest down payment,"Marassi, Sidi Abdel Rahman, North Coast",Studio,1 bathroom,67 sqm,"1,800,000 EGP"
Penthouse,penthouse finished with Acs with 5% over 7 years.,"Village West, Sheikh Zayed Compounds, Sheikh Zayed City, Giza",3 bedrooms,3 bathrooms,231 sqm,"5,500,000 EGP"
Apartment,APT 3Bedroom + Garden Fully Finished In Swan Lake,"Swan Lake, The 1st Settlement, New Cairo City, Cairo",3 bedrooms,3 bathrooms,188 sqm,"800,000 EGP"
Villa,Villa installments up to 10 years in Badyã,"Badya Palm Hills, Sheikh Zayed Compounds, Sheikh Zayed City, Giza",4 bedrooms,4 bathrooms,500 sqm,"9,590,000 EGP"
Apartment,Fully finished Apartment DP4% OVER 8 YEARS -EMMAR,"Cairo Gate, Sheikh Zayed Compounds, Sheikh Zayed City, Giza",3 bedrooms,3 bathrooms,158 sqm,"6,000,000 EGP"
Villa,"Large Villa with pool, Finished with A/Cs + Cabin","Sea Shells Marina, New Alamein City, North Coast",4 bedrooms,5 bathrooms,470 sqm,"19,500,000 EGP"
Townhouse,fully finished Townhouse in the finest compound,"The MarQ, 5th Settlement Compounds, The 5th Settlement, New Cairo City, Cairo",4 bedrooms,3 bathrooms,220 sqm,"845,000 EGP"
Chalet,Upper Chalet 140m2 In La Vista6 Pool& Sea View,"La Vista 6, La Vista, Al Ain Al Sokhna, Suez",3 bedrooms,2 bathrooms,140 sqm,"3,000,000 EGP"
Penthouse,Fully finished Penthouse at mountain view for sale,"Mountain View Hyde Park, 5th Settlement Compounds, The 5th Settlement, New Cairo City, Cairo",3 bedrooms,2 bathrooms,166 sqm,"3,000,000 EGP"
Apartment,Apartment Finished golf view in Amberville,"New Giza, Cairo Alexandria Desert Road, 6 October City, Giza",3 bedrooms,3 bathrooms,237 sqm,"5,200,000 EGP"
Chalet,Chalet 135 M Sea View in Amwaj with 10%DP,"Gaia, Ras Al Hekma, North Coast",2 bedrooms,2 bathrooms,104 sqm,"2,600,000 EGP"
Villa,Book a panoramic villa of 290m² |Lake West 2|0% DP,"Lake West, Sheikh Zayed Compounds, Sheikh Zayed City, Giza",6 bedrooms,6 bathrooms,290 sqm,"6,800,000 EGP"
Townhouse,Townhouse 258m with Inst till 2028 /prime location,"District 5, 5th Settlement Compounds, The 5th Settlement, New Cairo City, Cairo",3 bedrooms,4 bathrooms,258 sqm,"3,358,022 EGP"
Apartment,Apartment for sale with garden in Hyde Park,"Hyde Park, 5th Settlement Compounds, The 5th Settlement, New Cairo City, Cairo",2 bedrooms,2 bathrooms,135 sqm,"2,800,000 EGP"
Apartment,Duplexes for sale in Hyde Park Garden Residences,"Hyde Park, 5th Settlement Compounds, The 5th Settlement, New Cairo City, Cairo",3 bedrooms,4 bathrooms,216 sqm,"420,000 EGP"
Chalet,Chalet for sale in Marassi - 73 SQM,"Marassi, Sidi Abdel Rahman, North Coast",1 bedroom,1 bathroom,73 sqm,"5,000,000 EGP"
Chalet,chalet with large garden in amwaj north coast,"Amwaj, Al Alamein, North Coast",3 bedrooms,3 bathrooms,115 sqm,"3,500,000 EGP"
Apartment,Apartment for Sale Eastown - New Cairo,"Eastown, 5th Settlement Compounds, The 5th Settlement, New Cairo City, Cairo",3 bedrooms,3 bathrooms,225 sqm,"4,800,000 EGP"
Apartment,Apartment 126 for sale ilbosco 7 years installment,"IL Bosco, New Capital Compounds, New Capital City, Cairo",2 bedrooms,2 bathrooms,126 sqm,"2,363,789 EGP"
Villa,Villa 5 Bedrooms Direct on Lagoon in Marassi,"Marassi, Sidi Abdel Rahman, North Coast",5 bedrooms,4 bathrooms,395 sqm,"30,000,000 EGP"
Duplex,PRIME LOCATION | Eastown | Duplex l by SODIC,"Eastown, 5th Settlement Compounds, The 5th Settlement, New Cairo City, Cairo",3 bedrooms,3 bathrooms,256 sqm,"5,500,000 EGP"
Chalet,Chalet | with Garden | Pool View | Marassi,"Marassi, Sidi Abdel Rahman, North Coast",2 bedrooms,2 bathrooms,120 sqm,"6,662,500 EGP"
Apartment,110m with garden live !in installments up to9years,"Mountain View iCity, 5th Settlement Compounds, The 5th Settlement, New Cairo City, Cairo",2 bedrooms,2 bathrooms,110 sqm,"270,000 EGP"
Chalet,Chalet sale 160m fully finished + ACs silver sands,"Silver Sands, Qesm Marsa Matrouh, North Coast",3 bedrooms,2 bathrooms,160 sqm,"6,200,000 EGP"
Apartment,"With15% Down Payment, Apartment 180 Sqm in Betwatn","Bait Alwatan, The 5th Settlement, New Cairo City, Cairo",3 bedrooms,3 bathrooms,180 sqm,"1,170,000 EGP"
Villa,Standalone at Gardenia springs a special finishing,"Gardenia Springs, Ext North Inves Area, New Cairo City, Cairo",6 bedrooms,5 bathrooms,820 sqm,"14,000,000 EGP"
Villa,For sale villa in Rabwa compound - Sheikh Zayed,"Al Rabwa, Sheikh Zayed Compounds, Sheikh Zayed City, Giza",4 bedrooms,4 bathrooms,680 sqm,"12,000,000 EGP"
Chalet,Chalet ground floor direct on marina 3 bedrooms,"Marassi, Sidi Abdel Rahman, North Coast",3 bedrooms,3 bathrooms,209 sqm,"14,500,000 EGP"
Duplex,Under market price I Villa Garden Corner for sale.,"Mountain View Hyde Park, 5th Settlement Compounds, The 5th Settlement, New Cairo City, Cairo",4 bedrooms,4 bathrooms,287 sqm,"3,550,000 EGP"
Twin House,Own twinhouse in M.V ras alhekma with 10% DP,"Mountain View, Ras Al Hekma, North Coast",3 bedrooms,2 bathrooms,155 sqm,"6,144,499 EGP"
Twin House,10% Ddownpayment Fully finished Panoramic Sea view,"katameya coast, Qesm Ad Dabaah, North Coast",4 bedrooms,4 bathrooms,275 sqm,"1,770,000 EGP"
Villa,Own Standalone at Lake View semi finished,"Lake View, 5th Settlement Compounds, The 5th Settlement, New Cairo City, Cairo",5 bedrooms,6 bathrooms,760 sqm,"32,000,000 EGP"
Villa,Lowest Price OWN Castle Over 10Y Installments .,"Al Burouj Compound, El Shorouk Compounds, Shorouk City, Cairo",8 bedrooms,8 bathrooms,"1,000 sqm","11,000,000 EGP"
Chalet,Special Chalet 3Br North Ready in Marina 2 Marassi,"Marassi, Sidi Abdel Rahman, North Coast",3 bedrooms,3 bathrooms,175 sqm,"10,762,500 EGP"
Chalet,"chalet ground F.finished , installments 6 years","Amwaj, Al Alamein, North Coast",3 bedrooms,2 bathrooms,147 sqm,"4,900,000 EGP"
Apartment,Flat 3/4 Finish Republican Guard Compound For Sale,"Sour Dar Al Defaa El Gawy St., Ard El Golf, Heliopolis - Masr El Gedida, Cairo",3 bedrooms,3 bathrooms,272 sqm,"2,500,000 EGP"
Villa,Villa for sale V3B+B in CFC Directly on Lake,"Cairo Festival City, North Investors Area, New Cairo City, Cairo",6 bedrooms,7 bathrooms,718 sqm,"23,000,000 EGP"
Villa,Villa | Marassi | Lake and Golf View,"Marassi, Sidi Abdel Rahman, North Coast",6 bedrooms,6 bathrooms,720 sqm,"50,000,000 EGP"
Chalet,Sea View || Ready To move || fourth row,"La Vista Bay, La Vista, Qesm Ad Dabaah, North Coast",3 bedrooms,3 bathrooms,150 sqm,"1,837,500 EGP"
Apartment,apartment for sale in The Village Compound,"The Village, South Investors Area, New Cairo City, Cairo",2 bedrooms,2 bathrooms,146 sqm,"2,800,000 EGP"
Villa,3 floors Villa in Verona Marassi,"Marassi, Sidi Abdel Rahman, North Coast",6 bedrooms,5 bathrooms,484 sqm,"20,000,000 EGP"
Villa,Villa| Mivida|Installment | without over,"Mivida, 5th Settlement Compounds, The 5th Settlement, New Cairo City, Cairo",4 bedrooms,4 bathrooms,391 sqm,"11,607,000 EGP"
Chalet,Ground chalet fully finished seashell prime,"Seashell, Al Alamein, North Coast",3 bedrooms,2 bathrooms,187 sqm,"3,000,000 EGP"
Chalet,Chalet 2 Bedrooms Furnished Facing North Pool View,"Marassi, Sidi Abdel Rahman, North Coast",2 bedrooms,2 bathrooms,125 sqm,"11,000,000 EGP"
Villa,Villa for sale in a Special location in Villette,"Villette, 5th Settlement Compounds, The 5th Settlement, New Cairo City, Cairo",3 bedrooms,4 bathrooms,310 sqm,"14,000,000 EGP"
iVilla,Ivilla Garden for sale in mountain view hyde park,"Mountain View Hyde Park, 5th Settlement Compounds, The 5th Settlement, New Cairo City, Cairo",3 bedrooms,4 bathrooms,235 sqm,"5,000,000 EGP"
Villa,standalone sea view in Amwaj Prime Location,"Amwaj, Al Alamein, North Coast",4 bedrooms,3 bathrooms,300 sqm,"12,000,000 EGP"
Chalet,,"Cape Bay Sokhna, Al Ain Al Sokhna, Suez",2 bedrooms,1 bathroom,75 sqm,"1,080,000 EGP"
Apartment,"Apartment 108 m for sale in New Cairo, Taj City.","Taj City, 5th Settlement Compounds, The 5th Settlement, New Cairo City, Cairo",3 bedrooms,2 bathrooms,108 sqm,"2,320,500 EGP"
Twin House,Luxurious Finishing | Elevators | ACs | Brand New,"Al Patio 2, North Investors Area, New Cairo City, Cairo",4 bedrooms,5 bathrooms,580 sqm,Ask for price
Apartment,"Pay 650,000 and deliver fully finished apartment","Cairo Festival City, North Investors Area, New Cairo City, Cairo",2 bedrooms,3 bathrooms,160 sqm,"6,498,000 EGP"
Chalet,Chalet 2bedroom prime location for sale at Marassi,"Marassi, Sidi Abdel Rahman, North Coast",2 bedrooms,2 bathrooms,127 sqm,"6,500,000 EGP"
Apartment,Apartments For sale in New Fustat City,"Hashem Al Attar St., New Fustat, Hay Masr El Kadima, Cairo",2 bedrooms,2 bathrooms,120 sqm,"1,254,000 EGP"
Apartment,Hot deal apartment 199m+70m garden ready to move,"Hyde Park, 5th Settlement Compounds, The 5th Settlement, New Cairo City, Cairo",3 bedrooms,4 bathrooms,199 sqm,"4,210,000 EGP"
Apartment,Receive now 148m- Sun Capital with 10% downpayment,"Sun Capital, Fayoum Desert road, 6 October City, Giza",3 bedrooms,2 bathrooms,148 sqm,"2,500,000 EGP"
Chalet,only 5% chalet for sale sea view Telal Sokhna,"Telal Al Sokhna, Al Ain Al Sokhna, Suez",2 bedrooms,2 bathrooms,96 sqm,"2,120,000 EGP"
Villa,Beach front Villas for sale in Bianchi North coast,"Bianchi, Sidi Abdel Rahman, North Coast",4 bedrooms,5 bathrooms,220 sqm,"10,000,000 EGP"
Apartment,Good Opportunity with Huge Terrace Located In Madi,"Cornish El Nile St., Maadi, Hay El Maadi, Cairo",4 bedrooms,4 bathrooms,500 sqm,"6,500,000 EGP"
Apartment,APARTMENT READY TO MOVE PAY OVER 10 YEARS IN BADYA,"Badya Palm Hills, Sheikh Zayed Compounds, Sheikh Zayed City, Giza",3 bedrooms,3 bathrooms,172 sqm,"2,900,000 EGP"
Twin House,Amazing Twin House +Instalments Lowest Price-385m,"Palm Hills New Cairo, 5th Settlement Compounds, The 5th Settlement, New Cairo City, Cairo",6 bedrooms,6 bathrooms,385 sqm,"5,500,000 EGP"
Chalet,Chalet for Sale at Cali Coast Compound,"Cali Coast, Ras Al Hekma, North Coast",2 bedrooms,1 bathroom,75 sqm,"1,846,000 EGP"
Chalet,Chalet 102 m fully finished see view in Cali Coast,"Cali Coast, Ras Al Hekma, North Coast",2 bedrooms,2 bathrooms,102 sqm,"140,000 EGP"
Townhouse,Own town house corner in Hyde park 250m with inst.,"Hyde Park, 5th Settlement Compounds, The 5th Settlement, New Cairo City, Cairo",4 bedrooms,4 bathrooms,303 sqm,"3,300,000 EGP"
Apartment,Apartments for sale in Villette sky condos DP 10%,"Villette, 5th Settlement Compounds, The 5th Settlement, New Cairo City, Cairo",2 bedrooms,3 bathrooms,161 sqm,"4,460,000 EGP"
Hotel Apartment,For sale hotel apartment in new capital,"D-Square, Downtown Area, New Capital City, Cairo",1 bedroom,1 bathroom,62 sqm,"1,934,400 EGP"
Chalet,Ground Floor + Garden Fully Finished 5% dp / 8 yrs,"Hyde Park North, Ras Al Hekma, North Coast",3 bedrooms,2 bathrooms,132 sqm,"220,000 EGP"
Chalet,Chalet Fully finished For sale in north coast,"Azha North, Ras Al Hekma, North Coast",2 bedrooms,1 bathroom,124 sqm,"3,369,000 EGP"
Apartment,Apartment for sale 8 years installments,"Villette, 5th Settlement Compounds, The 5th Settlement, New Cairo City, Cairo",3 bedrooms,3 bathrooms,183 sqm,"7,600,000 EGP"
Apartment,Apartment 188m in Regents Park Finished Delivered,"Regents Park, Al Andalus District, New Cairo City, Cairo",3 bedrooms,2 bathrooms,188 sqm,"4,000,000 EGP"
Chalet,Seashell Ground floor Dwelling in elements,"Seashell, Al Alamein, North Coast",3 bedrooms,2 bathrooms,183 sqm,"6,100,000 EGP"
Chalet,Chalet 1 bedroom good location,"Marassi, Sidi Abdel Rahman, North Coast",1 bedroom,1 bathroom,67 sqm,"4,300,000 EGP"
Chalet,Chalet 3 BR in Marassi * Hot Price * Ready To Move,"Marassi, Sidi Abdel Rahman, North Coast",3 bedrooms,3 bathrooms,151 sqm,"6,600,000 EGP"
Chalet,prime location chalet for sale in silver sands,"Silver Sands, Qesm Marsa Matrouh, North Coast",2 bedrooms,2 bathrooms,127 sqm,"5,500,000 EGP"
Villa,FOR SALE UNIQUE VILLA TILL 10 YRS INST WITH 0% DP,"Badya Palm Hills, Sheikh Zayed Compounds, Sheikh Zayed City, Giza",4 bedrooms,4 bathrooms,205 sqm,"6,800,000 EGP"
Twin House,Unique interior|Lowest Price |Twin House in Mivida,"Mivida, 5th Settlement Compounds, The 5th Settlement, New Cairo City, Cairo",3 bedrooms,3 bathrooms,310 sqm,"12,500,000 EGP"
Townhouse,only 10% downpayment town house at azha northcoast,"Hacienda West, Sidi Abdel Rahman, North Coast",4 bedrooms,4 bathrooms,155 sqm,"650,000 EGP"
Apartment,استلام 4 شهور | بدون مقدم | تقسيط 10 سنوات,"Badya Palm Hills, Sheikh Zayed Compounds, Sheikh Zayed City, Giza",3 bedrooms,3 bathrooms,195 sqm,"3,500,000 EGP"
Villa,Villa for sale in Al Burouj facilities 14 years,"Al Burouj Compound, El Shorouk Compounds, Shorouk City, Cairo",3 bedrooms,3 bathrooms,200 sqm,"6,050,000 EGP"
Chalet,-225 meters- Upper chalet with roof - in Swan Lake,"Swan Lake, Qesm Ad Dabaah, North Coast",3 bedrooms,2 bathrooms,225 sqm,"6,500,000 EGP"
Apartment,Own your unit in the assembly with 0% down payment,"Palm Hills Katameya Extension, 5th Settlement Compounds, The 5th Settlement, New Cairo City, Cairo",3 bedrooms,2 bathrooms,180 sqm,"864,000 EGP"
Townhouse,Premium Townhouse Middle 202m for sale in O West,"O West, 6 October Compounds, 6 October City, Giza",3 bedrooms,3 bathrooms,202 sqm,"3,112,000 EGP"
Hotel Apartment,own your hotel apartment in new capital city .,"Levels Business tower, Downtown Area, New Capital City, Cairo",1 bedroom,1 bathroom,60 sqm,"3,400,000 EGP"
Apartment,Fully finished apartment in O West . dp of 204,"O West, 6 October Compounds, 6 October City, Giza",2 bedrooms,2 bathrooms,158 sqm,"204,450 EGP"
Townhouse,Prime Location Finished TownHouse With Credit 2027,"Marassi, Sidi Abdel Rahman, North Coast",3 bedrooms,3 bathrooms,205 sqm,"7,057,132 EGP"
Chalet,Limited offer_Direct sea view chalet with 5% D.P,"Telal Al Sokhna, Al Ain Al Sokhna, Suez",2 bedrooms,2 bathrooms,97 sqm,"2,080,000 EGP"
Villa,"villa for sale in Taj city compound, front Airport","Taj City, 5th Settlement Compounds, The 5th Settlement, New Cairo City, Cairo",4 bedrooms,5 bathrooms,193 sqm,"7,200,000 EGP"
Apartment,Brand new and modern apartment for sale at Zamalek,"Mohamed Mazhar St., Zamalek, Cairo",3 bedrooms,3 bathrooms,220 sqm,"7,000,000 EGP"
Villa,4 bedroom standalone view of the landscape,"Hyde Park, 5th Settlement Compounds, The 5th Settlement, New Cairo City, Cairo",4 bedrooms,4 bathrooms,375 sqm,"9,550,000 EGP"
Chalet,Chalet with pool view for sale at Azha Acamar .,"Azha, Al Ain Al Sokhna, Suez",1 bedroom,2 bathrooms,71 sqm,"1,550,000 EGP"
Duplex,prime senior chalet 4 beds with down payment 800 K,"Hacienda West, Sidi Abdel Rahman, North Coast",4 bedrooms,4 bathrooms,262 sqm,"800,000 EGP"
Duplex,I Villa Roof Lagoon Park 10% Downpayment 9 years,"Mountain View iCity October, 6 October Compounds, 6 October City, Giza",3 bedrooms,3 bathrooms,190 sqm,"2,970,000 EGP"
Villa,,"Lasirena Bay, Ras Sedr, South Sainai",4 bedrooms,3 bathrooms,150 sqm,"3,300,000 EGP"
Townhouse,Own town house corner in Hyde park 316m with inst.,"Hyde Park, 5th Settlement Compounds, The 5th Settlement, New Cairo City, Cairo",4 bedrooms,4 bathrooms,316 sqm,"5,800,000 EGP"
iVilla,I-Villa Roof 248m N Mountain view Executive 4 sale,"Mountain View Executive, Al Andalus District, New Cairo City, Cairo",4 bedrooms,4 bathrooms,248 sqm,"4,000,000 EGP"
Townhouse,Launching Soon Town House At June Sodic With 5% DP,"June, Ras Al Hekma, North Coast",3 bedrooms,3 bathrooms,200 sqm,"8,200,000 EGP"
Villa,For sale Villa fully finished in New Capital City,"IL Bosco, New Capital Compounds, New Capital City, Cairo",6 bedrooms,6 bathrooms,537 sqm,"461,566 EGP"
Apartment,Apartment in El Patio7 for sale - Prime Location,"El Patio 7, 5th Settlement Compounds, The 5th Settlement, New Cairo City, Cairo",3 bedrooms,3 bathrooms,220 sqm,"6,000,000 EGP"
Apartment,Apartment is in a closed compound in Sawari,"Sawary, Alexandria Compounds, Alexandria",2 bedrooms,1 bathroom,110 sqm,"2,200,000 EGP"
Chalet,Silver Sands | ORA | Sahel | Chalet | Sea View,"Silver Sands, Qesm Marsa Matrouh, North Coast",2 bedrooms,2 bathrooms,120 sqm,"4,990,000 EGP"
Chalet,Chalet + Roof | 3 Beds + Maids | Landscape View,"Amwaj, Al Alamein, North Coast",3 bedrooms,2 bathrooms,150 sqm,"3,200,000 EGP"
Villa,Own ur special villa designed by Elli Saab,"Cairo Gate, Sheikh Zayed Compounds, Sheikh Zayed City, Giza",5 bedrooms,5 bathrooms,500 sqm,"30,000,000 EGP"
Villa,Standalone Villa in Marassi Vectoria for sale,"Marassi, Sidi Abdel Rahman, North Coast",5 bedrooms,5 bathrooms,420 sqm,"24,000,000 EGP"
iVilla,I Villa roof middle at Mountain view hyde park,"Mountain View Hyde Park, 5th Settlement Compounds, The 5th Settlement, New Cairo City, Cairo",3 bedrooms,3 bathrooms,235 sqm,"3,650,000 EGP"
Chalet,Upper Chalet Horizon in seashell For Sale- 440 SQM,"Seashell, Al Alamein, North Coast",4 bedrooms,5 bathrooms,440 sqm,"6,000,000 EGP"
Villa,Villa ready to move and facing north at Marassi,"Marassi, Sidi Abdel Rahman, North Coast",5 bedrooms,5 bathrooms,500 sqm,"22,550,000 EGP"
Chalet,*Exclusive* Luxurious 3in1 chalet with Furniture,"Hacienda Bay, Sidi Abdel Rahman, North Coast",5 bedrooms,4 bathrooms,407 sqm,"7,000,000 EGP"
Chalet,Piacera Ain Sokhna Upper Chalet WithRoof 95m2,"Piacera, Al Ain Al Sokhna, Suez",3 bedrooms,2 bathrooms,95 sqm,"1,400,000 EGP"
Apartment,open view - elegant location - luxurious entrance,"Maarouf Al Rusafi St., Roushdy, Hay Sharq, Alexandria",4 bedrooms,4 bathrooms,305 sqm,"3,499,000 EGP"
Apartment,2 bedrooms | Private pool | Fully finished,"Mansions, Al Gouna, Hurghada, Red Sea",2 bedrooms,2 bathrooms,116 sqm,"5,270,000 EGP"
Apartment,Ground floor apartment for sale in Badya Compound,"Badya Palm Hills, Sheikh Zayed Compounds, Sheikh Zayed City, Giza",3 bedrooms,2 bathrooms,170 sqm,"3,400,000 EGP"
Villa,"with 10% DP , own your villa in telal north coast","Telal Alamein, Sidi Abdel Rahman, North Coast",3 bedrooms,2 bathrooms,160 sqm,"5,453,999 EGP"
Chalet,Chalet with view on the sea in Monte Galala,"IL Monte Galala, Al Ain Al Sokhna, Suez",2 bedrooms,1 bathroom,83 sqm,"125,000 EGP"
Villa,villa 700m in mountain view 2- lowest price villa,"Mountain View 2, 5th Settlement Compounds, The 5th Settlement, New Cairo City, Cairo",5 bedrooms,5 bathrooms,700 sqm,"16,500,000 EGP"
Villa,villa in sodic east town with 0% down payment,"Sodic East, 6th District, New Heliopolis, Cairo",3 bedrooms,3 bathrooms,251 sqm,"9,800,000 EGP"
Chalet,SEA VIEW FURNISHED 140SQM+AC UPPER CHALET 3RD ROW,"La Vista 1, La Vista, Al Ain Al Sokhna, Suez",3 bedrooms,2 bathrooms,140 sqm,"4,100,000 EGP"
Chalet,Ground + 80m Garden | 2 Bedrooms | Kids Pool View,"Amwaj, Al Alamein, North Coast",2 bedrooms,1 bathroom,110 sqm,"2,900,000 EGP"
Apartment,Garden Apartment / LakeView Residence / 2 bedrooms,"Lake View Residence, 5th Settlement Compounds, The 5th Settlement, New Cairo City, Cairo",2 bedrooms,2 bathrooms,122 sqm,"3,600,000 EGP"
Apartment,Apartment 5 rooms fully finished with Ac 32 floor,"The Gate Towers, New Alamein City, North Coast",5 bedrooms,5 bathrooms,387 sqm,"1,900,000 EGP"
Twin House,Hot Offer Twin Villa 5%dp Fully Finished Hyde Park,"Hyde Park North, Ras Al Hekma, North Coast",4 bedrooms,4 bathrooms,188 sqm,"425,000 EGP"
Villa,Fully Furnished Villa Private Pool in Hacienda Bay,"Hacienda Bay, Sidi Abdel Rahman, North Coast",4 bedrooms,6 bathrooms,"1,100 sqm","16,000,000 EGP"
Villa,Stand Alone In Palm Hills Katameya Prime Location.,"Palm Hills Kattameya, El Katameya Compounds, El Katameya, New Cairo City, Cairo",5 bedrooms,5 bathrooms,700 sqm,"15,200,000 EGP"
Apartment,Apartment for sale in Sawari compound 192 m,"Sawary, Alexandria Compounds, Alexandria",3 bedrooms,3 bathrooms,192 sqm,"3,038,000 EGP"
Duplex,,"Monte Napoleone, Mostakbal City Compounds, Mostakbal City - Future City, Cairo",3 bedrooms,3 bathrooms,144 sqm,Ask for price
Chalet,for sale horizon chalet ground semi finished,"Seashell, Al Alamein, North Coast",4 bedrooms,5 bathrooms,440 sqm,"7,500,000 EGP"
Penthouse,Mortgage Penthouse Ready to Move| Prime Location,"Azad, 5th Settlement Compounds, The 5th Settlement, New Cairo City, Cairo",3 bedrooms,3 bathrooms,176 sqm,"4,000,000 EGP"
Chalet,Luxury chalet for sale Hacienda Bay North Coast,"Hacienda Bay, Sidi Abdel Rahman, North Coast",3 bedrooms,4 bathrooms,170 sqm,"5,000,000 EGP"
Apartment,Shertoon Masr El Gedida Prime Apartment 160m Sale,"Kamal Al Din Hussein St., Sheraton Al Matar, El Nozha, Cairo",2 bedrooms,2 bathrooms,160 sqm,"2,950,000 EGP"
Villa,Villa first row on lake with pool in Marina 7,"Marina 7, Marina, Al Alamein, North Coast",5 bedrooms,5 bathrooms,500 sqm,"16,000,000 EGP"
Chalet,Own your chalet now and installments over 7 years,"Soma Breeze, Soma Bay, Safaga, Hurghada, Red Sea",1 bedroom,1 bathroom,83 sqm,"435,000 EGP"
Apartment,Own your Apartment 135sqm in Eastown semi finished,"Eastown, 5th Settlement Compounds, The 5th Settlement, New Cairo City, Cairo",2 bedrooms,2 bathrooms,135 sqm,"1,160,000 EGP"
Villa,Under Market Price | Ready to Move | Type D,"Palm Hills New Cairo, 5th Settlement Compounds, The 5th Settlement, New Cairo City, Cairo",6 bedrooms,7 bathrooms,650 sqm,"18,000,000 EGP"
Villa,Standalone Villa Very Prime Location,"Villette, 5th Settlement Compounds, The 5th Settlement, New Cairo City, Cairo",5 bedrooms,5 bathrooms,300 sqm,"12,500,000 EGP"
Villa,"limited time your VILLA over 10 years ,palm hills","Badya Palm Hills, Sheikh Zayed Compounds, Sheikh Zayed City, Giza",4 bedrooms,4 bathrooms,312 sqm,"8,600,000 EGP"
Villa,Own your unique Villa in SILVER SANDS ORA for sale,"Silver Sands, Qesm Marsa Matrouh, North Coast",5 bedrooms,5 bathrooms,300 sqm,"22,000,000 EGP"
Apartment,Apartment in new capital compound 45% discount,"De Joya, New Capital Compounds, New Capital City, Cairo",3 bedrooms,2 bathrooms,136 sqm,"800,000 EGP"
Villa,ready to move villa in new capital with 5%DP,"Al Maqsad, New Capital Compounds, New Capital City, Cairo",5 bedrooms,4 bathrooms,426 sqm,"385,000 EGP"
Chalet,Chalet 2 Bedrooms Direct to Lake Marina View,"Marassi, Sidi Abdel Rahman, North Coast",2 bedrooms,2 bathrooms,140 sqm,"3,915,000 EGP"
Apartment,Apartment for sale at Regents Park new cairo 140m.,"Regents Park, Al Andalus District, New Cairo City, Cairo",2 bedrooms,2 bathrooms,140 sqm,"2,500,000 EGP"
Villa,Kings Range 3rd Row Golf Twin Villa Semi finished,"New Giza, Cairo Alexandria Desert Road, 6 October City, Giza",4 bedrooms,4 bathrooms,305 sqm,"8,000,000 EGP"
Villa,Mivida Big Standalone | Fully Finished | Big Land.,"Mivida, 5th Settlement Compounds, The 5th Settlement, New Cairo City, Cairo",4 bedrooms,4 bathrooms,496 sqm,"29,000,000 EGP"
Apartment,Apartment WITH GARDEN FOR SALE IN DEJOYA,"De Joya, New Capital Compounds, New Capital City, Cairo",3 bedrooms,2 bathrooms,134 sqm,"2,000,000 EGP"
Twin House,Twinhouse for sale in Layan Sabour Prime Location,"Layan Residence, 5th Settlement Compounds, The 5th Settlement, New Cairo City, Cairo",3 bathrooms,285 sqm,,"6,750,000 EGP"
Penthouse,Marassi|Penthouse 183m Lagoon View Facing North,"Marassi, Sidi Abdel Rahman, North Coast",2 bedrooms,2 bathrooms,183 sqm,"7,500,000 EGP"
Penthouse,Marassi|Penthouse 183m Lagoon View Facing North,"Marassi, Sidi Abdel Rahman, North Coast",2 bedrooms,2 bathrooms,183 sqm,"7,500,000 EGP"
Chalet,Chalet Upper with Cabin for sale in Hacienda Red,"Hacienda, North Coast",4 bedrooms,4 bathrooms,320 sqm,"14,000,000 EGP"
Chalet,Ground Chalet 3 Bedrooms Furnished Sale Marassi,"Marassi, Sidi Abdel Rahman, North Coast",3 bedrooms,2 bathrooms,140 sqm,"9,250,000 EGP"
Apartment,apartment128m+garden65m in palm hills new cairo,"Palm Hills New Cairo, 5th Settlement Compounds, The 5th Settlement, New Cairo City, Cairo",2 bedrooms,2 bathrooms,128 sqm,"3,800,000 EGP"
Chalet,cash discount 20% Chalet 87m at soma bay 1bedroom,"Soma Breeze, Soma Bay, Safaga, Hurghada, Red Sea",1 bedroom,1 bathroom,87 sqm,"2,437,000 EGP"
Villa,Marassi Emaar Villa First Row For Sale,"Marassi, Sidi Abdel Rahman, North Coast",6 bedrooms,5 bathrooms,893 sqm,"48,000,000 EGP"
Apartment,Apartment 140m for sale in O West - View greenery,"O West, 6 October Compounds, 6 October City, Giza",2 bedrooms,3 bathrooms,140 sqm,"2,257,172 EGP"
Chalet,Senior Chalet Upper Furnished in Hacienda Bay,"Hacienda Bay, Sidi Abdel Rahman, North Coast",3 bedrooms,3 bathrooms,363 sqm,"4,600,000 EGP"
Twin House,twin house for sale in El Patio Oro New cairo,"El Patio Oro, 5th Settlement Compounds, The 5th Settlement, New Cairo City, Cairo",5 bedrooms,4 bathrooms,311 sqm,"6,800,000 EGP"
Chalet,for sale chalet with garden in Marina Marassi,"Marassi, Sidi Abdel Rahman, North Coast",1 bedroom,1 bathroom,75 sqm,"5,350,000 EGP"
Apartment,3 Bedrooms | Ready Now| Fully Finished | Parking,"Fifth Square, North Investors Area, New Cairo City, Cairo",3 bedrooms,2 bathrooms,150 sqm,"2,750,000 EGP"
Villa,lodge wz prime location fully sea view/installment,"Wadi Jebal, Soma Bay, Safaga, Hurghada, Red Sea",2 bedrooms,3 bathrooms,170 sqm,"4,000,000 EGP"
Apartment,Delivered APT + installment in Sky Condos Villette,"Villette, 5th Settlement Compounds, The 5th Settlement, New Cairo City, Cairo",3 bedrooms,3 bathrooms,184 sqm,"3,850,000 EGP"
Twin House,Twin house fully finished in Marrasi Blanca,"Marassi, Sidi Abdel Rahman, North Coast",4 bedrooms,5 bathrooms,325 sqm,"13,500,000 EGP"
Chalet,Lagoon view Chalet with Roof in Swan Lake,"Swan Lake, Qesm Ad Dabaah, North Coast",3 bedrooms,3 bathrooms,205 sqm,"10,500,000 EGP"
Villa,Own your villa in the best place in Soma Bay 15%DP,"Wadi Jebal, Soma Bay, Safaga, Hurghada, Red Sea",3 bedrooms,4 bathrooms,230 sqm,"8,500,000 EGP"
Villa,Swane Lake 1st Row Lagoon - STD alone Villa type D,"Swan Lake, Qesm Ad Dabaah, North Coast",4 bedrooms,5 bathrooms,495 sqm,"12,000,000 EGP"
Duplex,MistDuplex227- Ras elHekma-4bedrooms-Private Pool-,"Direction White, Ras Al Hekma, North Coast",4 bedrooms,4 bathrooms,227 sqm,"5,200,000 EGP"
Apartment,Under Market Price Apartment for sale at Sarai,"Sarai, Mostakbal City Compounds, Mostakbal City - Future City, Cairo",2 bedrooms,3 bathrooms,122 sqm,"1,065,000 EGP"
Apartment,Pool View apartment in Unique Location in Hurghada,"Touristic Center, Hurghada, Red Sea",2 bedrooms,2 bathrooms,112 sqm,"1,416,800 EGP"
Twin House,Twin house for sale with installments in New Giza,"New Giza, Cairo Alexandria Desert Road, 6 October City, Giza",4 bedrooms,5 bathrooms,400 sqm,"8,000,000 EGP"
Townhouse,Hot Offer Fully Finished 5% dp/ 8yrs Karmell Sodic,"Karmell, New Zayed City, Sheikh Zayed City, Giza",4 bedrooms,5 bathrooms,214 sqm,"315,000 EGP"
Apartment,Apartment in Mountain View with installment 8years,"Mountain View iCity, 5th Settlement Compounds, The 5th Settlement, New Cairo City, Cairo",2 bedrooms,2 bathrooms,120 sqm,"405,000 EGP"
Villa,Villa for sale 650m installments over 10 years,"Al Burouj Compound, El Shorouk Compounds, Shorouk City, Cairo",6 bedrooms,5 bathrooms,650 sqm,"550,000 EGP"
Townhouse,Hot Deal townhouse 243M in Hyde Park wz best price,"Hyde Park, 5th Settlement Compounds, The 5th Settlement, New Cairo City, Cairo",3 bedrooms,3 bathrooms,243 sqm,"5,775,000 EGP"
Villa,Hot Deal villa for sale with view land scape 4 bed,"Mivida, 5th Settlement Compounds, The 5th Settlement, New Cairo City, Cairo",5 bedrooms,6 bathrooms,356 sqm,"14,000,000 EGP"
Apartment,Own your apartment in Mountain View,"Mountain View iCity, 5th Settlement Compounds, The 5th Settlement, New Cairo City, Cairo",3 bedrooms,3 bathrooms,145 sqm,"404,133 EGP"
Townhouse,the lowest price villa in new capital for sale,"Vinci, New Capital Compounds, New Capital City, Cairo",4 bedrooms,3 bathrooms,280 sqm,"4,500,000 EGP"
Apartment,For sale at The Midtown Prime location,"Midtown, South Investors Area, New Cairo City, Cairo",3 bedrooms,3 bathrooms,225 sqm,"3,250,000 EGP"
Apartment,For sale fully finished apartment DP and over 9 y,"Zed East, 5th Settlement Compounds, The 5th Settlement, New Cairo City, Cairo",2 bedrooms,2 bathrooms,110 sqm,"3,500,000 EGP"
Chalet,Chalet 95 M For Sale in Seazen N.C With 10 % D.P .,"Seazen, Qesm Ad Dabaah, North Coast",2 bedrooms,2 bathrooms,95 sqm,"2,100,000 EGP"
Townhouse,امتلك فيلتك بمقدم 570 الف و تقسيط علي 10 سنين,"The brooks, El Katameya Compounds, El Katameya, New Cairo City, Cairo",3 bedrooms,3 bathrooms,193 sqm,"570,000 EGP"
Apartment,get your apartment ready to move prime location,"Galleria Moon Valley, South Investors Area, New Cairo City, Cairo",2 bedrooms,2 bathrooms,125 sqm,"2,405,000 EGP"
Apartment,Apt in Crescent | Most Prime Location in Mivida,"Mivida, 5th Settlement Compounds, The 5th Settlement, New Cairo City, Cairo",3 bedrooms,3 bathrooms,234 sqm,"9,000,000 EGP"
Apartment,apartment with installments 8000 EGP ONLY,"Verona Compound, Al Hadaba Al Wosta, Mokattam, Cairo",3 bedrooms,3 bathrooms,138 sqm,Ask for price
Twin House,Twinhouse For Sale Overlooking Crystal Lagoon,"Mountain View, Ras Al Hekma, North Coast",3 bedrooms,2 bathrooms,155 sqm,"550,000 EGP"
Apartment,NEWGIZA Amberville Lake view fully finished,"New Giza, Cairo Alexandria Desert Road, 6 October City, Giza",2 bedrooms,3 bathrooms,173 sqm,"2,314,000 EGP"
Villa,"Villa 996 m for Sale in Hacienda Bay , North Coast","Hacienda Bay, Sidi Abdel Rahman, North Coast",4 bedrooms,7 bathrooms,996 sqm,"7,500,000 EGP"
Villa,The cheapest townhouse villa in Hyde Park compound,"Hyde Park, 5th Settlement Compounds, The 5th Settlement, New Cairo City, Cairo",5 bedrooms,4 bathrooms,246 sqm,"880,000 EGP"
Villa,New Giza Ivory Hills JADE Villa corner,"New Giza, Cairo Alexandria Desert Road, 6 October City, Giza",4 bedrooms,4 bathrooms,382 sqm,"10,500,000 EGP"
Villa,Own Standalone 327 sqm in Hyde park Prime location,"Hyde Park, 5th Settlement Compounds, The 5th Settlement, New Cairo City, Cairo",5 bedrooms,5 bathrooms,474 sqm,"8,350,000 EGP"
Twin House,OPPORTUNITY IN Westridge TWIN HOUSE FOR SALE,"New Giza, Cairo Alexandria Desert Road, 6 October City, Giza",3 bedrooms,3 bathrooms,305 sqm,"7,000,000 EGP"
Apartment,Apartment with installment on 9 years in New Cairo,"Mountain View iCity, 5th Settlement Compounds, The 5th Settlement, New Cairo City, Cairo",3 bedrooms,3 bathrooms,155 sqm,"2,649,000 EGP"
Apartment,duplex300m- Fully Finished+AC-over10 years,"IL Bosco, New Capital Compounds, New Capital City, Cairo",4 bedrooms,3 bathrooms,300 sqm,"3,000,000 EGP"
Twin House,Ready to move Twin house 245 m at sodic east,"Sodic East, 6th District, New Heliopolis, Cairo",4 bedrooms,4 bathrooms,245 sqm,"345,000 EGP"
Villa,Stand alone in Katameya Dunes First row golf,"Katameya Dunes, El Katameya Compounds, El Katameya, New Cairo City, Cairo",7 bedrooms,7 bathrooms,"1,300 sqm","35,000,000 EGP"
Villa,Villa for sale excellent finishing special price,"Al Diyar, Al Narges, New Cairo City, Cairo",4 bedrooms,4 bathrooms,650 sqm,"13,350,000 EGP"
Chalet,Own your chalet with 5% DP / new Alamein city,"Mazarine, New Alamein City, North Coast",2 bedrooms,2 bathrooms,145 sqm,"3,400,000 EGP"
Apartment,Apartment for sale in villette sky condos Dp 10%,"Villette, 5th Settlement Compounds, The 5th Settlement, New Cairo City, Cairo",3 bedrooms,3 bathrooms,190 sqm,"542,700 EGP"
Apartment,"Apartment for 121m in Fifth Settlement, Century","Century City, 5th Settlement Compounds, The 5th Settlement, New Cairo City, Cairo",2 bedrooms,2 bathrooms,121 sqm,"2,044,900 EGP"
Chalet,"Chalet on the sea in Sodic Ras Al-Hekma, DP 5%","June, Ras Al Hekma, North Coast",2 bedrooms,2 bathrooms,125 sqm,"212,000 EGP"
Villa,Special Design | Lake View | Big Garden | Basement,"Cairo Festival City, North Investors Area, New Cairo City, Cairo",5 bedrooms,7 bathrooms,718 sqm,"22,000,000 EGP"
Townhouse,Townhouse middle for sale at fifth square,"Fifth Square, North Investors Area, New Cairo City, Cairo",3 bedrooms,3 bathrooms,250 sqm,"8,662,000 EGP"
Apartment,apartments for sale in Palm Hills New Cairo,"Palm Hills New Cairo, 5th Settlement Compounds, The 5th Settlement, New Cairo City, Cairo",4 bedrooms,4 bathrooms,175 sqm,"480,000 EGP"
Townhouse,Finished Town Villa + ACs + Kitchen Over 8 years,"Amwaj, Al Alamein, North Coast",3 bedrooms,3 bathrooms,170 sqm,"4,500,000 EGP"
Apartment,"4 room|119 m garden|Down payment 200,000","Capital Gardens Palm Hills, Mostakbal City Compounds, Mostakbal City - Future City, Cairo",4 bedrooms,4 bathrooms,206 sqm,"200,000 EGP"
Villa,Marassi Verdi Direct on lagoon,"Marassi, Sidi Abdel Rahman, North Coast",5 bedrooms,5 bathrooms,430 sqm,"25,000,000 EGP"
Townhouse,Maisonette Ready to Move With Installments 6 Years,"Hyde Park, 5th Settlement Compounds, The 5th Settlement, New Cairo City, Cairo",3 bedrooms,2 bathrooms,159 sqm,"1,896,000 EGP"
Villa,HOT DEAL Villa 3rd Row Bianchi - Sidi Abdelrahman,"Bianchi, Sidi Abdel Rahman, North Coast",4 bedrooms,6 bathrooms,726 sqm,"13,000,000 EGP"
Chalet,Standalone chalet Upper for Sale Casear,"Caesar, Qesm Marsa Matrouh, North Coast",4 bedrooms,3 bathrooms,227 sqm,"9,000,000 EGP"
Villa,Villa| Mivida |Emaar| prime location,"Mivida, 5th Settlement Compounds, The 5th Settlement, New Cairo City, Cairo",4 bedrooms,3 bathrooms,340 sqm,"22,150,000 EGP"
Chalet,Own A Fully Furnished Chalet In North Coast!!,"La vista Ras El Hikma, Ras Al Hekma, North Coast",2 bedrooms,1 bathroom,98 sqm,"270,000 EGP"
Apartment,Ready to move lowest down payment rest over 8 year,"Palm Hills New Cairo, 5th Settlement Compounds, The 5th Settlement, New Cairo City, Cairo",3 bedrooms,2 bathrooms,180 sqm,"4,000,000 EGP"
Villa,Stand Alone Villa For Sale In ( Marassi / Safi 2 ),"Marassi, Sidi Abdel Rahman, North Coast",7 bedrooms,8 bathrooms,855 sqm,"95,000,000 EGP"
Townhouse,Own a villa in La Vista City new capital city,"La Vista City, New Capital Compounds, New Capital City, Cairo",3 bedrooms,3 bathrooms,230 sqm,"751,000 EGP"
Apartment,*Apartment 120m delivery 2023 The Gate Al Alamein*,"The Gate Towers, New Alamein City, North Coast",3 bedrooms,2 bathrooms,120 sqm,"6,800,000 EGP"
Chalet,"Chalet for sale 65 m in NAIA BAY , North Coast.","Naia bay, Ras Al Hekma, North Coast",1 bedroom,1 bathroom,65 sqm,"1,495,000 EGP"
Chalet,Chalet With Garden For Sale In Marassi Emaar.,"Marassi, Sidi Abdel Rahman, North Coast",3 bedrooms,3 bathrooms,171 sqm,"13,500,000 EGP"
Chalet,Own your Chalet at azha with 15% downpayment,"Azha, Al Ain Al Sokhna, Suez",2 bedrooms,2 bathrooms,123 sqm,"570,000 EGP"
Villa,Villa XV for sale in SODIC East lowest price,"Sodic East, 6th District, New Heliopolis, Cairo",5 bedrooms,7 bathrooms,377 sqm,"6,210,000 EGP"
Villa,standalone-sale golf extension palmhills view lake,"Palm Hills Golf Extension, Al Wahat Road, 6 October City, Giza",3 bedrooms,4 bathrooms,350 sqm,"10,500,000 EGP"
Apartment,lesss than market price installment fully finished,"Century City, 5th Settlement Compounds, The 5th Settlement, New Cairo City, Cairo",3 bedrooms,2 bathrooms,135 sqm,"1,845,000 EGP"
Penthouse,Under Market Price Penthouse for sale at Sarai,"Sarai, Mostakbal City Compounds, Mostakbal City - Future City, Cairo",4 bedrooms,4 bathrooms,206 sqm,"1,950,000 EGP"
Chalet,Chalet in Marassi Bahri View lagoon with furniture,"Marassi, Sidi Abdel Rahman, North Coast",3 bedrooms,2 bathrooms,141 sqm,"9,300,000 EGP"
Apartment,apartment for sale in West Hills - October,"West Hills Residence, Ring Road, 6 October City, Giza",3 bedrooms,3 bathrooms,193 sqm,"3,200,000 EGP"
Villa,villa for sale in palm hills new cairo,"Palm Hills New Cairo, 5th Settlement Compounds, The 5th Settlement, New Cairo City, Cairo",5 bedrooms,7 bathrooms,545 sqm,"13,133,316 EGP"
Townhouse,the only Town house resale with instalments,"La Vista City, New Capital Compounds, New Capital City, Cairo",4 bedrooms,4 bathrooms,286 sqm,"7,200,000 EGP"
Apartment,Ground floor 183m for sale in Joulz prime location,"Joulz, Cairo Alexandria Desert Road, 6 October City, Giza",3 bedrooms,4 bathrooms,181 sqm,"2,950,000 EGP"
Villa,Villa in Victoria | Planted Garden |Special Finish,"Marassi, Sidi Abdel Rahman, North Coast",5 bedrooms,5 bathrooms,500 sqm,"25,700,000 EGP"
Chalet,Selling Fouka bay chalet - 130 SQM,"Fouka Bay, Qesm Marsa Matrouh, North Coast",3 bedrooms,2 bathrooms,130 sqm,"3,300,000 EGP"
Twin House,Twin House 355m Fully Finished|Wide Landscape View,"Mivida, 5th Settlement Compounds, The 5th Settlement, New Cairo City, Cairo",4 bedrooms,4 bathrooms,355 sqm,"13,800,000 EGP"
Twin House,fully finished ready to move twin house in ATRIO,"Atrio, Sheikh Zayed Compounds, Sheikh Zayed City, Giza",5 bedrooms,5 bathrooms,343 sqm,"2,067,598 EGP"
Twin House,prime location //fully finished // Furnished,"Marassi, Sidi Abdel Rahman, North Coast",6 bedrooms,5 bathrooms,398 sqm,"15,000,000 EGP"
Apartment,Apartment with installment in New Cairo for sale,"Galleria Moon Valley, South Investors Area, New Cairo City, Cairo",3 bedrooms,3 bathrooms,160 sqm,"3,000,000 EGP"
Villa,Villa 480m For sale in Al Rehab,"El Rehab Extension, Al Rehab, New Cairo City, Cairo",4 bedrooms,4 bathrooms,480 sqm,"7,500,000 EGP"
Townhouse,"TOWN HOUSE FOR SALE FULLY FINISHED, GOLF EXTENSION","Palm Hills Golf Extension, Al Wahat Road, 6 October City, Giza",4 bedrooms,4 bathrooms,275 sqm,"8,000,000 EGP"
Townhouse,town house sea view for sell mountain view sahel,"Mountain View, Ras Al Hekma, North Coast",3 bedrooms,3 bathrooms,150 sqm,"4,800,000 EGP"
Chalet,Chalet For Sale in Marassi Cyan | Sea View |,"Marassi, Sidi Abdel Rahman, North Coast",3 bedrooms,3 bathrooms,204 sqm,"17,947,415 EGP"
Townhouse,Full Sea View Town House Corner - Almaza Selection,"Almaza Bay, Qesm Marsa Matrouh, North Coast",5 bedrooms,6 bathrooms,423 sqm,"17,800,000 EGP"
Chalet,Ground Chalet 2 Bedrooms + Garden Marina View,"Marassi, Sidi Abdel Rahman, North Coast",2 bedrooms,2 bathrooms,160 sqm,"9,250,000 EGP"
Apartment,"10% down payment, ready to move in ، Next to AUC","Sephora Heights, 5th Settlement Compounds, The 5th Settlement, New Cairo City, Cairo",3 bedrooms,2 bathrooms,166 sqm,"264,200 EGP"
Villa,"Villa for sale in Cairo Festival City, ⭐⭐⭐⭐⭐⭐⭐⭐⭐⭐⭐","Cairo Festival City, North Investors Area, New Cairo City, Cairo",5 bedrooms,5 bathrooms,417 sqm,"17,500,000 EGP"
Villa,Villa type M in palm hills new cairo installments,"Palm Hills New Cairo, 5th Settlement Compounds, The 5th Settlement, New Cairo City, Cairo",3 bedrooms,3 bathrooms,227 sqm,"12,138,000 EGP"
Apartment,Apartment 153 SQM in katamya plaza semi finished .,"Al Katameya Plaza, The 1st Settlement, New Cairo City, Cairo",2 bedrooms,3 bathrooms,153 sqm,"2,950,000 EGP"
Duplex,"Duplex snapshot in Fifth Settlement, over10 years","Hyde Park, 5th Settlement Compounds, The 5th Settlement, New Cairo City, Cairo",3 bedrooms,2 bathrooms,162 sqm,"390,000 EGP"
Chalet,Chalet for sale at Il Monte Galala - Tatweer Misr,"IL Monte Galala, Al Ain Al Sokhna, Suez",3 bedrooms,2 bathrooms,121 sqm,"310,000 EGP"
Twin House,Silver Sands / Ora development / Twinhouse / 305m,"Silver Sands, Qesm Marsa Matrouh, North Coast",3 bedrooms,3 bathrooms,305 sqm,"11,000,000 EGP"
Villa,Stand alone In mivida for sale -New Cairo EMAAR,"Mivida, 5th Settlement Compounds, The 5th Settlement, New Cairo City, Cairo",7 bedrooms,8 bathrooms,980 sqm,"29,500,000 EGP"
Chalet,Chalet in Marassi Marina with garden for sale,"Marassi, Sidi Abdel Rahman, North Coast",3 bedrooms,3 bathrooms,151 sqm,"12,700,000 EGP"
Villa,Villa | verona | prime location,"Marassi, Sidi Abdel Rahman, North Coast",5 bedrooms,5 bathrooms,600 sqm,"26,000,000 EGP"
