,Type,Title,Location,Bedrooms,Bathrooms,Space,Price
0,Chalet,Chalet + 120m Roof | Sea and Pool View | 3rd Row,"La Vista Bay, La Vista, Qesm Ad Dabaah, North Coast",4 bedrooms,3 bathrooms,200 sqm,Ask for price
1,Apartment,Apartment in new capital way new capital compounds,"R7, New Capital City, Cairo",4 bedrooms,3 bathrooms,260 sqm,"7,418,000 EGP"
2,Villa,Corner villa |970 M |Practice Golf |Michael Graves,"Allegria, Sheikh Zayed Compounds, Sheikh Zayed City, Giza",4 bedrooms,5 bathrooms,970 sqm,"19,000,000 EGP"
3,Twin House,Panoramic sea view twin first row for sale LAVISTA,"La Vista Bay, La Vista, Qesm Ad Dabaah, North Coast",4 bedrooms,4 bathrooms,320 sqm,"9,500,000 EGP"
4,Villa,Own a panoramic villa|Enjoy in Lake West 2 |10% DP,"Lake West, Sheikh Zayed Compounds, Sheikh Zayed City, Giza",6 bedrooms,6 bathrooms,292 sqm,"7,100,000 EGP"
5,Villa,"Villa in Arezzo, Marassi, North Coast","Marassi, Sidi Abdel Rahman, North Coast",5 bedrooms,5 bathrooms,623 sqm,"25,300,000 EGP"
6,Chalet,fully finished //direct pool //prime location //,"Marassi, Sidi Abdel Rahman, North Coast",1 bedroom,1 bathroom,73 sqm,Ask for price
7,Villa,Villa For Sale - Caesar Sodic | North Coast,"Caesar, Qesm Marsa Matrouh, North Coast",6 bedrooms,7 bathrooms,280 sqm,"43,000,000 EGP"
8,Apartment,Fully Finished Apartment | Very Prime Location,"Ahmed Orabi St., Rehab City Forth Phase, Al Rehab, New Cairo City, Cairo",3 bedrooms,3 bathrooms,210 sqm,"3,500,000 EGP"
9,Apartment,Apartment 160m for sale D.P 10% 8 years equal,"Hyde Park, 5th Settlement Compounds, The 5th Settlement, New Cairo City, Cairo",3 bedrooms,3 bathrooms,160 sqm,"350,000 EGP"
10,Twin House,BIggest twin house for sale in layan residence,"Layan Residence, 5th Settlement Compounds, The 5th Settlement, New Cairo City, Cairo",4 bedrooms,5 bathrooms,283 sqm,"6,700,000 EGP"
11,Chalet,Chalet 251m Direct to Marina Very Special View,"Marassi, Sidi Abdel Rahman, North Coast",3 bedrooms,3 bathrooms,251 sqm,"20,500,000 EGP"
12,Villa,Prime location | Uptown cairoTerencia | Finished,"Terencia, Uptown Cairo, Mokattam, Cairo",5 bedrooms,5 bathrooms,741 sqm,"33,000,000 EGP"
13,Chalet,Finished chalet for sale in Amwaj 10% downpayment,"Amwaj, Al Alamein, North Coast",2 bedrooms,2 bathrooms,115 sqm,"3,037,000 EGP"
14,Penthouse,bent house ready to move fully finished + ACs,"Fifth Square, North Investors Area, New Cairo City, Cairo",4 bedrooms,3 bathrooms,270 sqm,"5,200,000 EGP"
15,Apartment,"Very Special Apartment 240m, Smouha (Baron Towers)","Albert Al Awal St., Smouha, Hay Sharq, Alexandria",4 bedrooms,2 bathrooms,240 sqm,"4,700,000 EGP"
16,Villa,For sale villa in Rabwa compound - Sheikh Zayed,"Al Rabwa, Sheikh Zayed Compounds, Sheikh Zayed City, Giza",4 bedrooms,4 bathrooms,680 sqm,"12,000,000 EGP"
17,Apartment,apartment with garden in mountain view i city,"Mountain View iCity, 5th Settlement Compounds, The 5th Settlement, New Cairo City, Cairo",3 bedrooms,2 bathrooms,160 sqm,"3,700,000 EGP"
18,Twin House,"Townhouse Fully Finished @ Orascom, 5%DP Over 8Ys.","O West, 6 October Compounds, 6 October City, Giza",4 bedrooms,4 bathrooms,285 sqm,"8,200,000 EGP"
19,Villa,"For sale in Rabwa compound, semi-finished villa","Al Rabwa, Sheikh Zayed Compounds, Sheikh Zayed City, Giza",3 bedrooms,3 bathrooms,780 sqm,"12,000,000 EGP"
20,Twin House,For Sale Villa In Telal north coast over 8 years,"Telal Alamein, Sidi Abdel Rahman, North Coast",4 bedrooms,4 bathrooms,200 sqm,"7,500,000 EGP"
21,Villa,Medium villa at Villette Sodic very prime location,"Villette, 5th Settlement Compounds, The 5th Settlement, New Cairo City, Cairo",4 bedrooms,5 bathrooms,650 sqm,"13,000,000 EGP"
22,Chalet,under market price 3 in 1 chalet in hacienda bay,"Hacienda Bay, Sidi Abdel Rahman, North Coast",4 bedrooms,3 bathrooms,270 sqm,"4,800,000 EGP"
23,Apartment,Duplex Landscape view over 8 Years besides AUC,"Hyde Park, 5th Settlement Compounds, The 5th Settlement, New Cairo City, Cairo",3 bedrooms,4 bathrooms,227 sqm,"552,000 EGP"
24,Villa,Stand Alone villa for sale in Hyde Park .,"Hyde Park, 5th Settlement Compounds, The 5th Settlement, New Cairo City, Cairo",5 bedrooms,3 bathrooms,475 sqm,"14,000,000 EGP"
25,Apartment,Duplex Landscape view over 8 Years besides AUC,"Hyde Park, 5th Settlement Compounds, The 5th Settlement, New Cairo City, Cairo",3 bedrooms,4 bathrooms,227 sqm,"552,000 EGP"
26,Villa,Stand Alone villa for sale in Hyde Park .,"Hyde Park, 5th Settlement Compounds, The 5th Settlement, New Cairo City, Cairo",5 bedrooms,3 bathrooms,475 sqm,"14,000,000 EGP"
27,Villa,sale villa hacienda bay at lake bahry,"Hacienda Bay, Sidi Abdel Rahman, North Coast",5 bedrooms,5 bathrooms,860 sqm,"9,000,000 EGP"
28,Apartment,3 Bedroom ground apartment for sale |Cairo Gate,"Cairo Gate, Sheikh Zayed Compounds, Sheikh Zayed City, Giza",3 bedrooms,3 bathrooms,157 sqm,"1,749,690 EGP"
29,Chalet,"Prime Location @ Ras ElHekma, Palmhills, Only10%DP","Hacienda West, Sidi Abdel Rahman, North Coast",2 bedrooms,2 bathrooms,120 sqm,"2,850,000 EGP"
30,Chalet,Chalet with garden Ready 2 move viewsea northcoast,"Sea View, Qesm Ad Dabaah, North Coast",2 bedrooms,1 bathroom,72 sqm,"1,899,000 EGP"
31,Villa,under market price villa for sale331with good view,"Mivida, 5th Settlement Compounds, The 5th Settlement, New Cairo City, Cairo",3 bedrooms,3 bathrooms,450 sqm,"12,500,000 EGP"
32,Twin House,Twin house under market price at silver sands prim,"Silver Sands, Qesm Marsa Matrouh, North Coast",4 bedrooms,4 bathrooms,307 sqm,"1,700,000 EGP"
33,Villa,Own your luxury villa|10% dp|installments 10 years,"Etapa, Sheikh Zayed Compounds, Sheikh Zayed City, Giza",4 bedrooms,4 bathrooms,270 sqm,"9,899,999 EGP"
34,Penthouse,pent house for sale in mountain view executive,"Mountain View Executive, Al Andalus District, New Cairo City, Cairo",3 bedrooms,3 bathrooms,167 sqm,"3,550,000 EGP"
35,Apartment,Luxury Apartment/fully finished/0%DP/@ZED TOWERS,"Zed Towers, Sheikh Zayed Compounds, Sheikh Zayed City, Giza",3 bedrooms,3 bathrooms,140 sqm,"4,500,000 EGP"
36,Chalet,58 m studio the gate towers sea view,"The Gate Towers, New Alamein City, North Coast",Studio,1 bathroom,58 sqm,"3,750,000 EGP"
37,Apartment,Hot Offer ! Fully furnished in a 5 stars hotel !,"Stella Makadi Gardens, Makadi, Hurghada, Red Sea",2 bedrooms,1 bathroom,140 sqm,"1,400,000 EGP"
38,Villa,under market price| first golf | Prime Location,"Katameya Dunes, El Katameya Compounds, El Katameya, New Cairo City, Cairo",8 bedrooms,7 bathrooms,"1,550 sqm","45,000,000 EGP"
39,Villa,under market price Villa at eagles compound 500m,"Eagles, 5th Settlement Compounds, The 5th Settlement, New Cairo City, Cairo",4 bedrooms,6 bathrooms,500 sqm,"5,600,000 EGP"
40,Apartment,,"Arabia Area, Hurghada, Red Sea",2 bedrooms,1 bathroom,110 sqm,"1,960,000 EGP"
41,Villa,Villa first Row - direct sea view in Marina 7,"Marina 7, Marina, Al Alamein, North Coast",6 bedrooms,7 bathrooms,600 sqm,"25,000,000 EGP"
42,Townhouse,town house sea view for sell mountain view sahel,"Mountain View, Ras Al Hekma, North Coast",3 bedrooms,3 bathrooms,150 sqm,"4,800,000 EGP"
43,Twin House,Twin House Corner | With Only 919 K DP | Lagoon,"Mountain View, Ras Al Hekma, North Coast",3 bedrooms,3 bathrooms,238 sqm,"919,000 EGP"
44,Duplex,Al-Burouj Upper Duplex 276m for the best price,"Al Burouj Compound, El Shorouk Compounds, Shorouk City, Cairo",3 bedrooms,4 bathrooms,276 sqm,"3,117,000 EGP"
45,Villa,Amazing Stand Alone For Sale in Seasons Residence,"Seasons Residence, Ext North Inves Area, New Cairo City, Cairo",5 bedrooms,5 bathrooms,900 sqm,"18,000,000 EGP"
46,Townhouse,Townhouse middle 202m For sale in O west,"O West, 6 October Compounds, 6 October City, Giza",3 bedrooms,3 bathrooms,202 sqm,"4,704,000 EGP"
47,Chalet,Studio In Marassi Emaar - Marina view,"Marassi, Sidi Abdel Rahman, North Coast",1 bedroom,1 bathroom,72 sqm,"5,150,000 EGP"
48,Chalet,Senior Chalet 3 Bed With 120M Garden Over 6 Years,"Silver Sands, Qesm Marsa Matrouh, North Coast",3 bedrooms,3 bathrooms,120 sqm,"7,400,000 EGP"
49,Chalet,prime location // view marina // ready to move,"Marassi, Sidi Abdel Rahman, North Coast",1 bedroom,1 bathroom,84 sqm,"7,687,000 EGP"
50,Villa,For sale villa in Rabwa compound Sheikh Zayed -,"Al Rabwa, Sheikh Zayed Compounds, Sheikh Zayed City, Giza",4 bedrooms,2 bathrooms,670 sqm,"2,400,000 EGP"
51,Villa,Large Villa under market price open view,"Villette, 5th Settlement Compounds, The 5th Settlement, New Cairo City, Cairo",7 bedrooms,7 bathrooms,449 sqm,"14,000,000 EGP"
52,Apartment,Apartment For sale -Mivida-Boulevard-2 bedrooms .,"Mivida, 5th Settlement Compounds, The 5th Settlement, New Cairo City, Cairo",2 bedrooms,2 bathrooms,133 sqm,"2,300,000 EGP"
53,Chalet,Ground chalet in the best view 120m + 112m garden,"Silver Sands, Qesm Marsa Matrouh, North Coast",3 bedrooms,3 bathrooms,120 sqm,"670,000 EGP"
54,Villa,STAND ALONE VILLA PRIME LOCATION IN BADYA 10Y INST,"Badya Palm Hills, Sheikh Zayed Compounds, Sheikh Zayed City, Giza",4 bedrooms,4 bathrooms,220 sqm,"6,500,000 EGP"
55,Apartment,Finished apt 0% DP and installments 10 years Badya,"Badya Palm Hills, Sheikh Zayed Compounds, Sheikh Zayed City, Giza",3 bedrooms,2 bathrooms,177 sqm,"4,000,000 EGP"
56,Chalet,"Chalet 120m, Pool View, Ready to move","Lasirena, Qesm Ad Dabaah, North Coast",3 bedrooms,2 bathrooms,120 sqm,"2,500,000 EGP"
57,Apartment,Second Floor188SQM | Fully Finished | Lake View,"Regents Park, Al Andalus District, New Cairo City, Cairo",3 bedrooms,2 bathrooms,188 sqm,"4,000,000 EGP"
58,Chalet,Horizon ground chalet with swimming pool -seashell,"Seashell, Al Alamein, North Coast",5 bedrooms,5 bathrooms,440 sqm,"12,500,000 EGP"
59,Chalet,Chalet for sale in Mazarine in New Alamein,"Mazarine, New Alamein City, North Coast",3 bedrooms,3 bathrooms,,"6,500,000 EGP"
60,Chalet,Duplex Roof for sale in SeaShell fully Furnished,"Seashell, Al Alamein, North Coast",3 bedrooms,3 bathrooms,264 sqm,"5,250,000 EGP"
61,Villa,10% DP / over 6 y / fully finished with ac's,"Silver Sands, Qesm Marsa Matrouh, North Coast",3 bedrooms,3 bathrooms,225 sqm,"16,500,000 EGP"
62,Duplex,Duplex for sale with DP 10% and installments 6 Y,"Hyde Park, 5th Settlement Compounds, The 5th Settlement, New Cairo City, Cairo",3 bedrooms,3 bathrooms,216 sqm,"4,450,000 EGP"
63,Villa,Stand Alone Villa + Cabin For Sale In Swan Lake,"Swan Lake, Qesm Ad Dabaah, North Coast",4 bedrooms,2 bathrooms,523 sqm,"17,000,000 EGP"
64,Apartment,Magnificent Flat For Sale in Maadi Sarayat,"Sarayat Al Maadi, Hay El Maadi, Cairo",4 bedrooms,3 bathrooms,260 sqm,"5,200,000 EGP"
65,Apartment,Hot Deal Finished Studio For Sale In Village Gate,"Palm Hills Village Gate, South Investors Area, New Cairo City, Cairo",1 bedroom,1 bathroom,90 sqm,"1,800,000 EGP"
66,Villa,Villa resale prime location in Golf Extension,"Palm Hills Golf Extension, Al Wahat Road, 6 October City, Giza",4 bedrooms,4 bathrooms,420 sqm,"8,800,000 EGP"
67,Twin House,Twin House SEA View | Prime Location | 10% DP,"Mountain View, Ras Al Hekma, North Coast",3 bedrooms,3 bathrooms,155 sqm,"6,144,499 EGP"
68,Apartment,Apartment 145 m2 at Hyde Park New Cairo.,"Hyde Park, 5th Settlement Compounds, The 5th Settlement, New Cairo City, Cairo",2 bedrooms,3 bathrooms,145 sqm,"2,100,000 EGP"
69,Townhouse,Town house for sale in ATRIO with installments,"Atrio, Sheikh Zayed Compounds, Sheikh Zayed City, Giza",5 bedrooms,5 bathrooms,250 sqm,"6,612,000 EGP"
70,Apartment,"3 rooms | 280,000 down payment | ready to move","Beta Greens, Mostakbal City Compounds, Mostakbal City - Future City, Cairo",3 bedrooms,3 bathrooms,180 sqm,"280,000 EGP"
71,Villa,Villa for sale in Al Burouj facilities 14 years,"Al Burouj Compound, El Shorouk Compounds, Shorouk City, Cairo",3 bedrooms,3 bathrooms,200 sqm,"6,050,000 EGP"
72,Apartment,Apartment in Mountain View -iCity - ready to move,"Mountain View iCity, 5th Settlement Compounds, The 5th Settlement, New Cairo City, Cairo",3 bedrooms,3 bathrooms,170 sqm,"2,285,000 EGP"
73,Chalet,FOR SALE CHALETS EVIA PHASE FULLY FINISHED MV,"Mountain View, Ras Al Hekma, North Coast",3 bedrooms,2 bathrooms,170 sqm,"300,000 EGP"
74,Chalet,Chalet for sale 144m sea view in Baymont Sokhna,"Baymount, Al Ain Al Sokhna, Suez",3 bedrooms,2 bathrooms,144 sqm,"340,000 EGP"
75,Chalet,Chalet 129m for Sale direct on pool in fouka bay,"Fouka Bay, Qesm Marsa Matrouh, North Coast",3 bedrooms,2 bathrooms,129 sqm,"1,110,000 EGP"
76,Villa,Park villa // in installment //Delivery 2024 //,"Mountain View iCity, 5th Settlement Compounds, The 5th Settlement, New Cairo City, Cairo",3 bedrooms,2 bathrooms,305 sqm,"1,900,000 EGP"
77,Villa,FURNISHED Villa |BEST LOCATION |High end finishing,"Mivida, 5th Settlement Compounds, The 5th Settlement, New Cairo City, Cairo",5 bedrooms,5 bathrooms,650 sqm,"32,000,000 EGP"
78,Townhouse,Fully finished Townhouse with Private pool in Bali,"Bali, Al Gouna, Hurghada, Red Sea",2 bedrooms,3 bathrooms,150 sqm,"5,500,000 EGP"
79,Villa,Marassi|Villa|Facing North|With attractive Price,"Marassi, Sidi Abdel Rahman, North Coast",4 bedrooms,4 bathrooms,498 sqm,"23,000,000 EGP"
80,Townhouse,Own town house corner in Hyde park 316m with inst.,"Hyde Park, 5th Settlement Compounds, The 5th Settlement, New Cairo City, Cairo",4 bedrooms,4 bathrooms,250 sqm,"5,800,000 EGP"
81,Apartment,Apartment prime location in MountainView Hyde park,"Mountain View Hyde Park, 5th Settlement Compounds, The 5th Settlement, New Cairo City, Cairo",3 bedrooms,3 bathrooms,202 sqm,"3,200,000 EGP"
82,Villa,Villa in verona direct on lake bahary V1,"Marassi, Sidi Abdel Rahman, North Coast",5 bedrooms,5 bathrooms,500 sqm,"36,000,000 EGP"
83,Villa,Villa At Island 1 For Sale With Reasonable Price,"Azha, Al Ain Al Sokhna, Suez",4 bedrooms,4 bathrooms,248 sqm,"11,000,000 EGP"
84,Apartment,Apartment for sale 220 m in Al Marasem Compound .,"Fifth Square, North Investors Area, New Cairo City, Cairo",3 bedrooms,3 bathrooms,220 sqm,"3,085,233 EGP"
85,Villa,Villa Type 356 SQ.M in Mivida Views | Lowest Price,"Mivida, 5th Settlement Compounds, The 5th Settlement, New Cairo City, Cairo",4 bedrooms,4 bathrooms,356 sqm,"14,850,000 EGP"
86,Apartment,Apartment for sale in Bait Al Watan 6 October,"Bait Al Watan Al Takmely, Northern Expansions, 6 October City, Giza",3 bedrooms,2 bathrooms,208 sqm,"1,475,000 EGP"
87,Villa,villa with swimming pool open landscape view,"Hyde Park, 5th Settlement Compounds, The 5th Settlement, New Cairo City, Cairo",4 bedrooms,4 bathrooms,320 sqm,"14,500,000 EGP"
88,Villa,standalone 455 m in pk2 very prime location,"Palm Hills Katameya Extension, 5th Settlement Compounds, The 5th Settlement, New Cairo City, Cairo",4 bedrooms,5 bathrooms,455 sqm,"8,000,000 EGP"
89,Apartment,"App 200m , insta 6 years in Serrano","Serrano, New Capital Compounds, New Capital City, Cairo",3 bedrooms,3 bathrooms,200 sqm,"2,700,000 EGP"
90,Apartment,ِApartment for sale 1 yr delivery I city October,"Mountain View iCity October, 6 October Compounds, 6 October City, Giza",3 bedrooms,2 bathrooms,145 sqm,"2,700,000 EGP"
91,Apartment,For sale apartment with 20% dp in Il Bosco,"IL Bosco, New Capital Compounds, New Capital City, Cairo",3 bedrooms,3 bathrooms,156 sqm,"2,600,000 EGP"
92,Apartment,Apt 56 meters for sale over 8 years Porto October,"Porto October, Green Belt, 6 October City, Giza",1 bedroom,1 bathroom,56 sqm,"925,000 EGP"
93,Villa,Own your Loft 90 M in D Bay north coast credit 8 Y,"D Bay, Qesm Marsa Matrouh, North Coast",1 bedroom,2 bathrooms,90 sqm,"3,800,000 EGP"
94,Apartment,For Sale Apartment 174m Fully finished with ACS,"Fifth Square, North Investors Area, New Cairo City, Cairo",3 bedrooms,2 bathrooms,174 sqm,"245,000 EGP"
95,Twin House,Stella Hights twin house for sale prim location,"Stella Heights, Al Alamein, North Coast",3 bedrooms,3 bathrooms,245 sqm,"3,600,000 EGP"
96,Apartment,Apartment 170 M for sale in Uptown Cairo .,"Fountain Side, Uptown Cairo, Mokattam, Cairo",2 bedrooms,2 bathrooms,170 sqm,"2,870,000 EGP"
97,Apartment,Own your hotel apartment in rivan new capital,"Rivan, New Capital Compounds, New Capital City, Cairo",3 bedrooms,3 bathrooms,164 sqm,"3,986,300 EGP"
98,Apartment,Apartment is in a closed compound in Sawari,"Sawary, Alexandria Compounds, Alexandria",2 bedrooms,1 bathroom,110 sqm,"2,200,000 EGP"
99,Villa,MV with Basement For Sale in Sodic Villette CORNER,"Villette, 5th Settlement Compounds, The 5th Settlement, New Cairo City, Cairo",4 bedrooms,4 bathrooms,600 sqm,"14,800,000 EGP"
100,Villa,"Garden villa with DP 380 , insta over 10 years","IL Bosco, New Capital Compounds, New Capital City, Cairo",3 bedrooms,3 bathrooms,240 sqm,"3,800,000 EGP"
101,Villa,own villa 0% down payment and installments 9 years,"The 8, New Zayed City, Sheikh Zayed City, Giza",4 bedrooms,4 bathrooms,600 sqm,"2,900,000 EGP"
102,Apartment,"Apartment 108 m for sale in New Cairo, Taj City.","Taj City, 5th Settlement Compounds, The 5th Settlement, New Cairo City, Cairo",3 bedrooms,2 bathrooms,108 sqm,"2,320,500 EGP"
103,Villa,Book your villa in the best phase of june (QUARTZ),"June, Ras Al Hekma, North Coast",3 bedrooms,3 bathrooms,120 sqm,"6,000,000 EGP"
104,Villa,FULLY FINISHED |Big Standalone |BEST PRICE,"Mivida, 5th Settlement Compounds, The 5th Settlement, New Cairo City, Cairo",5 bedrooms,5 bathrooms,700 sqm,"27,000,000 EGP"
105,Penthouse,Penthouse on golf For sale in Marassi,"Marassi, Sidi Abdel Rahman, North Coast",2 bedrooms,2 bathrooms,200 sqm,"8,000,000 EGP"
106,Apartment,NEWGIZA Amberville Lake view fully finished,"New Giza, Cairo Alexandria Desert Road, 6 October City, Giza",2 bedrooms,3 bathrooms,173 sqm,"2,314,000 EGP"
107,Chalet,"Chalet finished with DP185,000 in Telal Al Alamein","Telal Alamein, Sidi Abdel Rahman, North Coast",3 bedrooms,3 bathrooms,136 sqm,"3,700,000 EGP"
108,Villa,villa in swanlake with cabna first lagoon under ma,"Swan Lake, Qesm Ad Dabaah, North Coast",3 bedrooms,3 bathrooms,490 sqm,"13,750,000 EGP"
109,Apartment,Apartment for sale 3br in Palmhills new cairo,"Palm Hills New Cairo, 5th Settlement Compounds, The 5th Settlement, New Cairo City, Cairo",3 bedrooms,2 bathrooms,185 sqm,"4,361,000 EGP"
110,Apartment,Chalet 136 m fully finished in Al Alamain Towers,"The Gate Towers, New Alamein City, North Coast",3 bedrooms,3 bathrooms,136 sqm,"6,500,000 EGP"
111,Duplex,Duplex 200 m view land scape + installments,"Al Burouj Compound, El Shorouk Compounds, Shorouk City, Cairo",3 bedrooms,3 bathrooms,200 sqm,"4,000,000 EGP"
112,Townhouse,town house+private beach 2 years delivery finished,"Fouka Bay, Qesm Marsa Matrouh, North Coast",3 bedrooms,3 bathrooms,190 sqm,"4,600,000 EGP"
113,Chalet,Chalet|Marassi|Fully finished|Attractive price,"Marassi, Sidi Abdel Rahman, North Coast",3 bedrooms,3 bathrooms,121 sqm,"5,200,000 EGP"
114,Apartment,Apartment in October - installments 15 years,"Rock Eden, Hadayek October, 6 October City, Giza",3 bedrooms,3 bathrooms,160 sqm,"1,542,000 EGP"
115,Apartment,Apartment 205m for sale palm hills prime location,"Palm Hills New Cairo, 5th Settlement Compounds, The 5th Settlement, New Cairo City, Cairo",3 bedrooms,2 bathrooms,205 sqm,"3,075,000 EGP"
116,Apartment,Apartment for sale at Mountain View Icity October,"Mountain View October Park, 6th District, 6 October City, Giza",3 bedrooms,3 bathrooms,140 sqm,"2,600,000 EGP"
117,Chalet,1ST ROW LAGOON 3 BR CHALET IN SWANLAKE SAHEL,"Swan Lake, Qesm Ad Dabaah, North Coast",3 bedrooms,3 bathrooms,205 sqm,"5,178,000 EGP"
118,Townhouse,Full Sea View Town House Corner - Almaza Selection,"Almaza Bay, Qesm Marsa Matrouh, North Coast",5 bedrooms,6 bathrooms,423 sqm,"17,800,000 EGP"
119,Apartment,Apartment for sale in West Golf Compound,"West Golf, El Katameya Compounds, El Katameya, New Cairo City, Cairo",4 bedrooms,3 bathrooms,250 sqm,"3,700,000 EGP"
120,Twin House,Twinhouse Corner Prime Location Westridge New Giza,"New Giza, Cairo Alexandria Desert Road, 6 October City, Giza",3 bathrooms,340 sqm,,"7,350,000 EGP"
121,Chalet,Chalet 75m Ready Marina View Long Installment,"Marassi, Sidi Abdel Rahman, North Coast",1 bedroom,1 bathroom,75 sqm,"4,350,000 EGP"
122,Villa,Standalone villa for sale in Hacienda Bay,"Hacienda, North Coast",7 bedrooms,6 bathrooms,995 sqm,"13,645,000 EGP"
123,Apartment,Book Now Your Apartment In The New Capital DP 10%,"R7, New Capital City, Cairo",3 bedrooms,2 bathrooms,136 sqm,"1,468,800 EGP"
124,Villa,"Villa for sale, first row, Swan Lake, North Coast","Swan Lake, Qesm Ad Dabaah, North Coast",8 bedrooms,8 bathrooms,"1,790 sqm","10,500,000 EGP"
125,Apartment,V.G.K. Palm Hills 174 m - Hot unit,"Village Gardens Katameya, 5th Settlement Compounds, The 5th Settlement, New Cairo City, Cairo",2 bedrooms,2 bathrooms,174 sqm,"2,750,000 EGP"
126,Townhouse,Own Town house Corner 250m in Hyde park with inst,"Hyde Park, 5th Settlement Compounds, The 5th Settlement, New Cairo City, Cairo",4 bedrooms,4 bathrooms,250 sqm,"5,800,000 EGP"
127,Apartment,Apartment with private garden in Fifth Square,"Fifth Square, North Investors Area, New Cairo City, Cairo",3 bedrooms,2 bathrooms,138 sqm,"2,900,000 EGP"
128,Villa,For Sale IVilla garden 287m at MVHP semi finished,"Mountain View Hyde Park, 5th Settlement Compounds, The 5th Settlement, New Cairo City, Cairo",4 bedrooms,3 bathrooms,287 sqm,"5,700,000 EGP"
129,Chalet,June by Sodic Great Opportunity Chalet Sea View,"June, Ras Al Hekma, North Coast",3 bedrooms,2 bathrooms,138 sqm,"6,200,000 EGP"
130,Apartment,"3 rooms|550,000 down payment|4 years installment|","Cleopatra Palace, 5th District, Shorouk City, Cairo",3 bedrooms,3 bathrooms,185 sqm,"550,000 EGP"
131,Apartment,Apartment 3BR with lowest price for sale at Sarai,"Sarai, Mostakbal City Compounds, Mostakbal City - Future City, Cairo",3 bedrooms,3 bathrooms,164 sqm,"1,275,000 EGP"
132,Villa,Villa | verona | prime location,"Marassi, Sidi Abdel Rahman, North Coast",5 bedrooms,5 bathrooms,600 sqm,"26,000,000 EGP"
133,Chalet,Chalet direct on lagoon lowest price in swan lake,"Swan Lake, Qesm Ad Dabaah, North Coast",3 bedrooms,3 bathrooms,220 sqm,"6,000,000 EGP"
134,Apartment,Apartment 165M Ready To Move ON 9 Yrs In MV,"Mountain View iCity, 5th Settlement Compounds, The 5th Settlement, New Cairo City, Cairo",3 bedrooms,2 bathrooms,164 sqm,"1,200,000 EGP"
135,Chalet,Best chalet for sale at marina marassi direct pool,"Marassi, Sidi Abdel Rahman, North Coast",1 bedroom,1 bathroom,72 sqm,"4,700,000 EGP"
136,Twin House,Twinhouse for sale at Lake West 2 Zayed City,"Lake West, Sheikh Zayed Compounds, Sheikh Zayed City, Giza",5 bathrooms,257 sqm,,"5,300,000 EGP"
137,Chalet,chalet with Down payment in Fouka Bay North Coast,"Fouka Bay, Qesm Marsa Matrouh, North Coast",3 bedrooms,2 bathrooms,190 sqm,"3,269,000 EGP"
138,Chalet,Chalet 2 Bedrooms Direct to Lake Marina View,"Marassi, Sidi Abdel Rahman, North Coast",2 bedrooms,2 bathrooms,140 sqm,"3,915,000 EGP"
139,Twin House,Twinhouse for sale in Layan Sabour Prime Location,"Layan Residence, 5th Settlement Compounds, The 5th Settlement, New Cairo City, Cairo",3 bathrooms,285 sqm,,"6,750,000 EGP"
140,Apartment,Apartment 175m for sale in Obour City,"Al Thaqafa Square, 9th District, Obour City, Qalyubia",3 bedrooms,2 bathrooms,175 sqm,"1,450,000 EGP"
141,Chalet,Senior Chalet + Pool Cabin on Sea in Hacienda Red,"Hacienda, North Coast",3 bedrooms,4 bathrooms,190 sqm,"12,000,000 EGP"
142,Villa,Summer Now in your villa in Marina 7 - North Coast,"Marina 7, Marina, Al Alamein, North Coast",5 bedrooms,6 bathrooms,550 sqm,"17,000,000 EGP"
143,Villa,Second row Villa for sale in marassi bay,"Marassi, Sidi Abdel Rahman, North Coast",6 bedrooms,6 bathrooms,700 sqm,"55,000,000 EGP"
144,Apartment,Own your Apartment in District 5 with 10% D.P,"District 5, 5th Settlement Compounds, The 5th Settlement, New Cairo City, Cairo",2 bedrooms,2 bathrooms,160 sqm,"3,614,000 EGP"
145,Apartment,Apartment for Sale at ZED Compound at Zayed City,"Zed Towers, Sheikh Zayed Compounds, Sheikh Zayed City, Giza",2 bedrooms,2 bathrooms,97 sqm,"2,991,000 EGP"
146,Hotel Apartment,for sale hotel apartment fully finished,"D-Square, Downtown Area, New Capital City, Cairo",1 bedroom,1 bathroom,69 sqm,"2,147,280 EGP"
147,Villa,villa for sale in mountain view 1,"Mountain View 1, 5th Settlement Compounds, The 5th Settlement, New Cairo City, Cairo",4 bedrooms,3 bathrooms,320 sqm,"7,500,000 EGP"
148,Apartment,apartment with Garden in stone residence new cairo,"Stone Residence, 5th Settlement Compounds, The 5th Settlement, New Cairo City, Cairo",2 bedrooms,2 bathrooms,128 sqm,"2,911,000 EGP"
149,Apartment,ready to move // with garden // in installments,"Capital Gardens Palm Hills, Mostakbal City Compounds, Mostakbal City - Future City, Cairo",3 bedrooms,3 bathrooms,214 sqm,"5,272,900 EGP"
150,Apartment,Apartment for sale in Elmarasem Delivered Finished,"Fifth Square, North Investors Area, New Cairo City, Cairo",3 bedrooms,2 bathrooms,160 sqm,"3,150,000 EGP"
151,Townhouse,sea view and affordable price in mountain view,"Mountain View, Qesm Ad Dabaah, North Coast",3 bedrooms,3 bathrooms,170 sqm,"490,000 EGP"
152,Apartment,Corner apartment for sale in Compound Sarai,"Sarai, Mostakbal City Compounds, Mostakbal City - Future City, Cairo",3 bedrooms,3 bathrooms,164 sqm,"2,050,000 EGP"
153,Villa,Lowest Price | Villette | Town House Corner,"Villette, 5th Settlement Compounds, The 5th Settlement, New Cairo City, Cairo",3 bedrooms,3 bathrooms,320 sqm,"9,500,000 EGP"
154,Apartment,Apartment 198m ready to move 10% D.P in new cairo,"Sephora Heights, 5th Settlement Compounds, The 5th Settlement, New Cairo City, Cairo",3 bedrooms,2 bathrooms,198 sqm,"2,700,000 EGP"
155,Apartment,Apartment 160 corner in mountain view Hyde park,"Mountain View Hyde Park, 5th Settlement Compounds, The 5th Settlement, New Cairo City, Cairo",3 bedrooms,2 bathrooms,160 sqm,"2,700,000 EGP"
156,Townhouse,Own now Townhouse Fully Finished With 10% Dp,"Mountain View iCity, 5th Settlement Compounds, The 5th Settlement, New Cairo City, Cairo",4 bedrooms,3 bathrooms,218 sqm,"4,000,000 EGP"
157,Penthouse,For sale Penthouse open view prime location 5% DP,"June, Ras Al Hekma, North Coast",3 bedrooms,3 bathrooms,170 sqm,"7,200,000 EGP"
158,Apartment,211 sqm apartment for sale in Bait al watan,"Beit Alwatan, 6 October Compounds, 6 October City, Giza",3 bedrooms,2 bathrooms,211 sqm,"1,434,000 EGP"
159,Apartment,Eastown parks|Ready to move|view villas|sunny,"Eastown, 5th Settlement Compounds, The 5th Settlement, New Cairo City, Cairo",2 bedrooms,3 bathrooms,160 sqm,"3,300,000 EGP"
160,Chalet,Sea View Ground chalet 3 rooms for sale La Vista 1,"La Vista 1, La Vista, Al Ain Al Sokhna, Suez",3 bedrooms,1 bathroom,110 sqm,"2,200,000 EGP"
161,Chalet,Chalet in Blanca Marassi View Lagoon |Catchy price,"Marassi, Sidi Abdel Rahman, North Coast",3 bedrooms,3 bathrooms,140 sqm,"6,800,000 EGP"
162,Villa,Villa 5 Bedrooms Direct Lake Very Prime Location,"Marassi, Sidi Abdel Rahman, North Coast",5 bedrooms,4 bathrooms,400 sqm,"29,000,000 EGP"
163,Apartment,Apartment For Sale in Mivida Avenues Prime Locaton,"Mivida, 5th Settlement Compounds, The 5th Settlement, New Cairo City, Cairo",2 bedrooms,2 bathrooms,138 sqm,"2,711,000 EGP"
164,Apartment,Apartment 3Bedrooms forsale in very prime location,"Mivida, 5th Settlement Compounds, The 5th Settlement, New Cairo City, Cairo",3 bedrooms,2 bathrooms,155 sqm,"3,000,000 EGP"
165,Apartment,Apartment for sale - fully finished - palm hllis,"Palm Hills New Cairo, 5th Settlement Compounds, The 5th Settlement, New Cairo City, Cairo",2 bedrooms,2 bathrooms,116 sqm,"366,300 EGP"
166,Chalet,Prime Location chalet For Sale in azha ain sokhna,"Azha, Al Ain Al Sokhna, Suez",2 bedrooms,2 bathrooms,100 sqm,"2,360,000 EGP"
167,Chalet,Chalet in Marassi Bahri View lagoon with furniture,"Marassi, Sidi Abdel Rahman, North Coast",3 bedrooms,2 bathrooms,141 sqm,"9,300,000 EGP"
168,Villa,Elegant standalone villa for sale in Almaza Bay,"Almaza Bay, Qesm Marsa Matrouh, North Coast",5 bedrooms,6 bathrooms,900 sqm,"39,000,000 EGP"
169,Chalet,Chalet Prime Location For Sale in ( Silver Sands ),"Silver Sands, Qesm Marsa Matrouh, North Coast",4 bedrooms,3 bathrooms,223 sqm,"7,600,000 EGP"
170,Chalet,Ground + Garden | Sea View |ACs|Kitchen| Ready Now,"IL Monte Galala, Al Ain Al Sokhna, Suez",2 bedrooms,1 bathroom,92 sqm,Ask for price
171,Apartment,Apartment sale Garden Eastown Delivered instalment,"Eastown, 5th Settlement Compounds, The 5th Settlement, New Cairo City, Cairo",3 bedrooms,2 bathrooms,187 sqm,"3,100,000 EGP"
172,Chalet,شاليه للبيع اهرامات بورتو السخنه فيو الدولفين كبير,"Pyramids, Porto Sokhna, Al Ain Al Sokhna, Suez",2 bedrooms,2 bathrooms,100 sqm,"1,500,000 EGP"
173,Apartment,Ground floor with garden apartment in CFC for sale,"Cairo Festival City, North Investors Area, New Cairo City, Cairo",2 bedrooms,2 bathrooms,144 sqm,"4,500,000 EGP"
174,Villa,Villa Private Pool |Golf View | Below Market Price,"Marassi, Sidi Abdel Rahman, North Coast",5 bedrooms,4 bathrooms,320 sqm,"20,000,000 EGP"
175,Apartment,1 bedrooms for sale in NEWGIZA on lake - Jasper,"New Giza, Cairo Alexandria Desert Road, 6 October City, Giza",1 bedroom,2 bathrooms,99 sqm,"3,250,000 EGP"
176,Apartment,Apartment WITH GARDEN FOR SALE IN DEJOYA,"De Joya, New Capital Compounds, New Capital City, Cairo",3 bedrooms,2 bathrooms,134 sqm,"2,000,000 EGP"
177,Chalet,Piacera Ain Sokhna Upper Chalet WithRoof 95m2,"Piacera, Al Ain Al Sokhna, Suez",3 bedrooms,2 bathrooms,95 sqm,"1,400,000 EGP"
178,Chalet,Chalet for sale 110m sea view 10% 8 years,"D Bay, Qesm Marsa Matrouh, North Coast",2 bedrooms,2 bathrooms,110 sqm,"3,000,000 EGP"
179,Apartment,Apartment 156m l For Sale l Lowest Price l Eastown,"Eastown, 5th Settlement Compounds, The 5th Settlement, New Cairo City, Cairo",3 bedrooms,3 bathrooms,156 sqm,"3,350,000 EGP"
180,Villa,Standalone villa for sale in Swan Lake Hassan,"Swan Lake, Qesm Ad Dabaah, North Coast",5 bedrooms,7 bathrooms,524 sqm,"2,700,000 EGP"
181,Chalet,,"Lasirena Bay, Ras Sedr, South Sainai",3 bedrooms,2 bathrooms,110 sqm,"1,100,000 EGP"
182,Villa,Luxury villa fully finished at zed 0% downpayment,"Zed East, 5th Settlement Compounds, The 5th Settlement, New Cairo City, Cairo",6 bedrooms,5 bathrooms,226 sqm,"12,000,000 EGP"
183,Chalet,Chalet 140m Furnished Facing North Sea View,"Marassi, Sidi Abdel Rahman, North Coast",2 bedrooms,2 bathrooms,140 sqm,"9,750,000 EGP"
184,Villa,Villa XV for sale in SODIC East lowest price,"Sodic East, 6th District, New Heliopolis, Cairo",5 bedrooms,7 bathrooms,377 sqm,"6,210,000 EGP"
185,Chalet,chalet very prim Location- For sale at Marassi-,"Marassi, Sidi Abdel Rahman, North Coast",2 bedrooms,2 bathrooms,140 sqm,"4,500,000 EGP"
186,Apartment,Apartment 3beds with installment in New cairo,"Taj City, 5th Settlement Compounds, The 5th Settlement, New Cairo City, Cairo",3 bedrooms,2 bathrooms,156 sqm,"2,400,000 EGP"
187,Apartment,Studio for sale in hyde park in Centre Ville,"Hyde Park, 5th Settlement Compounds, The 5th Settlement, New Cairo City, Cairo",1 bedroom,2 bathrooms,83 sqm,"1,650,000 EGP"
188,Twin House,TwinHouse / HydePark / Modern / installments,"Hyde Park, 5th Settlement Compounds, The 5th Settlement, New Cairo City, Cairo",4 bedrooms,4 bathrooms,280 sqm,"8,500,000 EGP"
189,Chalet,Zed East Ground Chalet For Sale,"Zed East, 5th Settlement Compounds, The 5th Settlement, New Cairo City, Cairo",3 bedrooms,4 bathrooms,175 sqm,"8,500,000 EGP"
190,Chalet,,"Cape Bay Sokhna, Al Ain Al Sokhna, Suez",1 bedroom,1 bathroom,45 sqm,"815,000 EGP"
191,Chalet,Under Market Price Fully Furnished Senior Chalet,"Hacienda Bay, Sidi Abdel Rahman, North Coast",3 bedrooms,3 bathrooms,230 sqm,"4,900,000 EGP"
192,Chalet,Studio in Faya Marassi with a Prime Location,"Marassi, Sidi Abdel Rahman, North Coast",1 bedroom,1 bathroom,70 sqm,"5,444,499 EGP"
193,Villa,"Villa, Open View, Best Type (E), Mazarine Islands","Mazarine, New Alamein City, North Coast",4 bedrooms,6 bathrooms,513 sqm,"25,762,000 EGP"
194,Villa,villa 488m FULLY FINISH +pool READY 2 Move 15%DP,"Al Maqsad, New Capital Compounds, New Capital City, Cairo",6 bedrooms,4 bathrooms,464 sqm,"8,900,000 EGP"
195,Villa,Villa 4bed Open View Delivery Now Stone Park,"Stone Park, 5th Settlement Compounds, The 5th Settlement, New Cairo City, Cairo",4 bedrooms,4 bathrooms,280 sqm,"8,500,000 EGP"
196,Chalet,Chalet 75 m in Catania | 2 BR | Attractive Price,"Marassi, Sidi Abdel Rahman, North Coast",2 bedrooms,1 bathroom,75 sqm,"4,700,000 EGP"
197,Townhouse,townhouse 200m view land scape + installments,"Al Burouj Compound, El Shorouk Compounds, Shorouk City, Cairo",3 bedrooms,3 bathrooms,200 sqm,"5,000,000 EGP"
198,Villa,Villa Direct on Lake | Fully Furnished with pool,"Lake View, 5th Settlement Compounds, The 5th Settlement, New Cairo City, Cairo",6 bedrooms,6 bathrooms,630 sqm,"35,000,000 EGP"
199,Apartment,Mivida|Crescent|231 magical view with installments,"Mivida, 5th Settlement Compounds, The 5th Settlement, New Cairo City, Cairo",3 bedrooms,3 bathrooms,231 sqm,"6,900,000 EGP"
200,Villa,standalone for sale ready to move in shiekh zayed,"Patio Al Zahraa, Sheikh Zayed Compounds, Sheikh Zayed City, Giza",4 bedrooms,3 bathrooms,380 sqm,"3,500,000 EGP"
201,Chalet,Chalet With Garden For Sale In Marassi - Emaar,"Marassi, Sidi Abdel Rahman, North Coast",3 bedrooms,3 bathrooms,171 sqm,"13,500,000 EGP"
202,Villa,10% down payment/installments up to 8 years //,"Hacienda West, Sidi Abdel Rahman, North Coast",5 bedrooms,4 bathrooms,312 sqm,"973,450 EGP"
203,Chalet,Chalet fully finished in Cali Coast North Coast,"Cali Coast, Ras Al Hekma, North Coast",2 bedrooms,2 bathrooms,102 sqm,"1,950,000 EGP"
204,Penthouse,Under Market Price Penthouse for sale at Sarai,"Sarai, Mostakbal City Compounds, Mostakbal City - Future City, Cairo",4 bedrooms,4 bathrooms,206 sqm,"1,950,000 EGP"
205,Apartment,Apartment with Garden|Nice View |0%DownPayment,"Badya Palm Hills, Sheikh Zayed Compounds, Sheikh Zayed City, Giza",3 bedrooms,3 bathrooms,163 sqm,"3,910,000 EGP"
206,Chalet,Chalet 2Bed 90 Meter View on Lagoon over 8 Years,"Mountain View, Ras Al Hekma, North Coast",2 bedrooms,2 bathrooms,90 sqm,"2,100,000 EGP"
207,Twin House,Your villa 257 m² in Lake West 2 | 0% down payment,"Lake West, Sheikh Zayed Compounds, Sheikh Zayed City, Giza",5 bedrooms,5 bathrooms,257 sqm,"5,300,000 EGP"
208,Villa,Own Standalone at Lake View fully finished,"Lake View, 5th Settlement Compounds, The 5th Settlement, New Cairo City, Cairo",6 bedrooms,7 bathrooms,"1,050 sqm","40,000,000 EGP"
209,Apartment,Own your unit in the assembly with 0% down payment,"Palm Hills Katameya Extension, 5th Settlement Compounds, The 5th Settlement, New Cairo City, Cairo",3 bedrooms,2 bathrooms,180 sqm,"864,000 EGP"
210,Apartment,Apartment sale Amberville new giza- view lake,"New Giza, Cairo Alexandria Desert Road, 6 October City, Giza",2 bedrooms,3 bathrooms,159 sqm,"2,225,000 EGP"
211,Villa,"Villa, Type (F), Open View, Mazarine Islands","Mazarine, New Alamein City, North Coast",3 bedrooms,5 bathrooms,415 sqm,"20,965,000 EGP"
212,Chalet,Chalet 3 Bedrooms Marina West Prime Location,"Marassi, Sidi Abdel Rahman, North Coast",3 bedrooms,3 bathrooms,204 sqm,"6,545,000 EGP"
213,Apartment,Apartment 170m without Dp in New cairo,"El Rehab Extension, Al Rehab, New Cairo City, Cairo",3 bedrooms,3 bathrooms,170 sqm,"2,606,000 EGP"
214,Apartment,Ganoob El Acadimia New Cairo Finish Apartment Sale,"Doctor Yassin Abdel Ghaffar St., Area C, Ganoob El Acadimia, New Cairo City, Cairo",4 bedrooms,4 bathrooms,340 sqm,"5,650,000 EGP"
215,Villa,Own Standalone 327 sqm in Hyde park Prime location,"Hyde Park, 5th Settlement Compounds, The 5th Settlement, New Cairo City, Cairo",5 bedrooms,5 bathrooms,474 sqm,"8,350,000 EGP"
216,Villa,Own Your Villa In The Most Prime Location Zed East,"Zed East, 5th Settlement Compounds, The 5th Settlement, New Cairo City, Cairo",4 bedrooms,4 bathrooms,254 sqm,"1,000,000 EGP"
217,Villa,Villa Lakeview fully finished under market price .,"Lake View, 5th Settlement Compounds, The 5th Settlement, New Cairo City, Cairo",4 bedrooms,4 bathrooms,610 sqm,"18,500,000 EGP"
218,Chalet,Chalet 3 bedroom for sale in Mountain View,"Mountain View, Ras Al Hekma, North Coast",3 bedrooms,3 bathrooms,132 sqm,"380,000 EGP"
219,Apartment,"230,000down payment|10 years installm|ready 2023","Granda Life, El Shorouk Compounds, Shorouk City, Cairo",3 bedrooms,3 bathrooms,156 sqm,"230,000 EGP"
220,iVilla,Choose Your I Villa with Mountain View New Cairo,"Mountain View iCity, 5th Settlement Compounds, The 5th Settlement, New Cairo City, Cairo",3 bedrooms,2 bathrooms,240 sqm,"699,279 EGP"
221,Twin House,Twin house fully finished in Marrasi Blanca,"Marassi, Sidi Abdel Rahman, North Coast",4 bedrooms,5 bathrooms,325 sqm,"13,500,000 EGP"
222,Apartment,Apartment for Sale 300 m Roushdy (Roushdy,"Abou Quer Road, Roushdy, Hay Sharq, Alexandria",3 bedrooms,2 bathrooms,300 sqm,"4,000,000 EGP"
223,Chalet,Standard Chalet Ground for sale in Caeser,"Caesar, Qesm Marsa Matrouh, North Coast",3 bedrooms,3 bathrooms,230 sqm,"8,450,000 EGP"
224,Apartment,Sea & Pool view | 2 bedrooms | Private roof,"Mangroovy Residence, Al Gouna, Hurghada, Red Sea",2 bedrooms,2 bathrooms,91 sqm,"7,300,000 EGP"
225,Apartment,"Apartment 156m in Dejoya , insta 10years","De Joya, New Capital Compounds, New Capital City, Cairo",3 bedrooms,3 bathrooms,156 sqm,"2,270,000 EGP"
226,Villa,one story villa for sale fully finished 5% dp,"Mazarine, New Alamein City, North Coast",4 bedrooms,4 bathrooms,330 sqm,"13,500,000 EGP"
227,Twin House,Best Price Twin House Delivered In Mountain View .,"Mountain View, Qesm Ad Dabaah, North Coast",3 bedrooms,4 bathrooms,155 sqm,"2,400,000 EGP"
228,Villa,villa 440m / Ready to move / prime location,"Villette, 5th Settlement Compounds, The 5th Settlement, New Cairo City, Cairo",4 bedrooms,5 bathrooms,440 sqm,"16,000,000 EGP"
229,Apartment,Millennial apartment with 10% DP in icity october.,"Mountain View iCity October, 6 October Compounds, 6 October City, Giza",2 bedrooms,2 bathrooms,125 sqm,"2,000,000 EGP"
230,Apartment,Apartment 164m For sale in the Fifth settlement,"Al Andalus El Gedida, Al Andalus District, New Cairo City, Cairo",3 bedrooms,2 bathrooms,164 sqm,"1,576,000 EGP"
231,Villa,villa for sale 615m at al burouj compound,"Al Burouj Compound, El Shorouk Compounds, Shorouk City, Cairo",5 bedrooms,5 bathrooms,615 sqm,"1,100,000 EGP"
232,Apartment,apartment for sale in Zed Towers delivery 6 months,"Zed Towers, Sheikh Zayed Compounds, Sheikh Zayed City, Giza",3 bedrooms,3 bathrooms,160 sqm,"5,000,000 EGP"
233,Apartment,Ground floor 185m + Garden 80m in Fifth Settlement,"Bait Alwatan, The 5th Settlement, New Cairo City, Cairo",3 bedrooms,2 bathrooms,185 sqm,"1,535,000 EGP"
234,Apartment,Apartment 200m for sale in 5th Settlement.,"Street 3, District 1, The 5th Settlement, New Cairo City, Cairo",3 bedrooms,2 bathrooms,200 sqm,"2,800,000 EGP"
235,Apartment,شقة للبيع فى مدينتى أرضى بجاردن B2 بأقل سعر .,"Madinaty, Cairo",3 bedrooms,3 bathrooms,177 sqm,"3,400,000 EGP"
236,Twin House,Luxurious Ready To Move Villa Inst. Over 4 Years,"Marassi, Sidi Abdel Rahman, North Coast",5 bedrooms,5 bathrooms,456 sqm,"16,000,000 EGP"
237,Villa,Standalone villa in Layan Residence 376m best view,"Layan Residence, 5th Settlement Compounds, The 5th Settlement, New Cairo City, Cairo",5 bedrooms,5 bathrooms,376 sqm,"9,500,000 EGP"
238,Penthouse,Penthouse for sale in katmeya plaza prime location,"Al Katameya Plaza, The 1st Settlement, New Cairo City, Cairo",4 bedrooms,4 bathrooms,330 sqm,"7,100,000 EGP"
239,Duplex,I Villa Garden Lagoon Park 10% Down payment,"Mountain View iCity October, 6 October Compounds, 6 October City, Giza",3 bedrooms,3 bathrooms,200 sqm,"3,620,000 EGP"
240,Chalet,Finished chalet+AC/S with 5% down payment-Sea view,"Bianchi, Sidi Abdel Rahman, North Coast",3 bedrooms,2 bathrooms,150 sqm,"3,688,000 EGP"
241,Chalet,Ground Chalet 2 Bedrooms in Greek|With Installment,"Marassi, Sidi Abdel Rahman, North Coast",2 bedrooms,2 bathrooms,132 sqm,"4,774,000 EGP"
242,Apartment,Ground 212 + 100m garden Premium Finishing,"Village Gardens Katameya, 5th Settlement Compounds, The 5th Settlement, New Cairo City, Cairo",3 bedrooms,3 bathrooms,212 sqm,"4,850,000 EGP"
243,Twin House,"Twin house for sale in Layan, 326m prime","Layan Residence, 5th Settlement Compounds, The 5th Settlement, New Cairo City, Cairo",4 bedrooms,4 bathrooms,326 sqm,"6,700,000 EGP"
244,Chalet,Finished chalet 4 rooms in Amwaj good price,"Amwaj, Al Alamein, North Coast",4 bedrooms,3 bathrooms,270 sqm,Ask for price
245,Villa,Villa Furnished + Pool Direct on Golf & Lake,"Hacienda Bay, Sidi Abdel Rahman, North Coast",5 bedrooms,5 bathrooms,355 sqm,"15,000,000 EGP"
246,Penthouse,For sale penthouse in mountain view hyde park 165m,"Mountain View Hyde Park, 5th Settlement Compounds, The 5th Settlement, New Cairo City, Cairo",3 bedrooms,2 bathrooms,165 sqm,"2,800,000 EGP"
247,Twin House,Very prime villa in SILVER SANDS with DP 10%,"Silver Sands, Qesm Marsa Matrouh, North Coast",3 bedrooms,4 bathrooms,186 sqm,"1,070,000 EGP"
248,Chalet,Ground chalet 126m Ready to move Seaview n Sokhana,"IL Monte Galala, Al Ain Al Sokhna, Suez",3 bedrooms,2 bathrooms,126 sqm,"2,600,000 EGP"
249,Apartment,"Sea View, 1 bed flat for sale - Selena Bay Resort.","Selena Bay Resort, Hurghada Resorts, Hurghada, Red Sea",1 bedroom,1 bathroom,68 sqm,"950,000 EGP"
250,Apartment,App fullyfinished 160m insta 10 years,"De Joya, New Capital Compounds, New Capital City, Cairo",3 bedrooms,3 bathrooms,160 sqm,"300,000 EGP"
251,Villa,villa in sodic east town with 0% down payment,"Sodic East, 6th District, New Heliopolis, Cairo",3 bedrooms,3 bathrooms,251 sqm,"9,800,000 EGP"
252,Villa,"Villa for sale in Sheikh Zayed, over 8 years inst","Vye Sodic, New Zayed City, Sheikh Zayed City, Giza",3 bedrooms,4 bathrooms,200 sqm,"6,250,000 EGP"
253,Apartment,"Fully finished apartment, lakes and golf, up town","The Fourteen Golf Residences, Uptown Cairo, Mokattam, Cairo",2 bedrooms,2 bathrooms,137 sqm,"629,999 EGP"
254,Apartment,apartment finished with ACs delivery after 6months,"Zed Towers, Sheikh Zayed Compounds, Sheikh Zayed City, Giza",3 bedrooms,3 bathrooms,168 sqm,"6,200,000 EGP"
255,Apartment,ready to move // with garden // in installments,"Capital Gardens Palm Hills, Mostakbal City Compounds, Mostakbal City - Future City, Cairo",3 bedrooms,2 bathrooms,168 sqm,"3,959,600 EGP"
256,Apartment,Apartment at Eastown sodic wonderful location 160M,"Eastown, 5th Settlement Compounds, The 5th Settlement, New Cairo City, Cairo",2 bedrooms,2 bathrooms,160 sqm,"3,300,000 EGP"
257,Apartment,Apartment with installment in New Cairo for sale,"Galleria Moon Valley, South Investors Area, New Cairo City, Cairo",3 bedrooms,3 bathrooms,160 sqm,"3,000,000 EGP"
258,Apartment,Apartment 150 m in Bait Al Watan 6th of October,"Bait Al Watan Al Takmely, Northern Expansions, 6 October City, Giza",3 bedrooms,2 bathrooms,150 sqm,"1,050,000 EGP"
259,Townhouse,"TOWN VILLA IN IL BOSCO SALE downpayment 637,964","IL Bosco, New Capital Compounds, New Capital City, Cairo",4 bedrooms,4 bathrooms,248 sqm,"637,963 EGP"
260,Villa,Amazing Twinhouse at Vinci Misr Italia 5%downpayme,"Vinci, New Capital Compounds, New Capital City, Cairo",5 bedrooms,5 bathrooms,309 sqm,"364,000 EGP"
261,Apartment,Fully finished apart for sale in new Alamein\ 6 Y,"The Gate Towers, New Alamein City, North Coast",3 bedrooms,3 bathrooms,146 sqm,"5,200,000 EGP"
262,Villa,"Villa 335m with 747,000dp +71,000 monthly in Silva","Silva Compound, Sheikh Zayed Compounds, Sheikh Zayed City, Giza",5 bedrooms,6 bathrooms,223 sqm,"4,758,000 EGP"
263,Villa,Villa First Row Golf in Ivoryhill Phase I,"New Giza, Cairo Alexandria Desert Road, 6 October City, Giza",5 bedrooms,4 bathrooms,650 sqm,"18,000,000 EGP"
264,Villa,Under Market Price Standalone in Golf Extension,"Palm Hills Golf Extension, Al Wahat Road, 6 October City, Giza",5 bedrooms,7 bathrooms,550 sqm,"17,500,000 EGP"
265,Villa,Amazing Stand Alone In Prime Location *0 Over*,"Hyde Park, 5th Settlement Compounds, The 5th Settlement, New Cairo City, Cairo",5 bedrooms,5 bathrooms,474 sqm,"7,700,000 EGP"
266,Penthouse,own ur loft sea view finished+ACs5%dp over7yyrs,"June, Ras Al Hekma, North Coast",3 bedrooms,3 bathrooms,145 sqm,"7,100,000 EGP"
267,Hotel Apartment,First hotel room with a distinctive view,"Cali Coast, Ras Al Hekma, North Coast",1 bedroom,1 bathroom,68 sqm,"224,000 EGP"
268,Townhouse,only 10% downpayment town house at azha northcoast,"Hacienda West, Sidi Abdel Rahman, North Coast",4 bedrooms,4 bathrooms,155 sqm,"650,000 EGP"
269,Twin House,Twin house for sale in Telal 4 rooms - 4 bathrooms,"Telal Alamein, Sidi Abdel Rahman, North Coast",4 bedrooms,4 bathrooms,180 sqm,"9,500,000 EGP"
270,Villa,villa - Mivida - Emaar - land 500 SQM,"Mivida, 5th Settlement Compounds, The 5th Settlement, New Cairo City, Cairo",4 bedrooms,4 bathrooms,407 sqm,"20,000,000 EGP"
271,Townhouse,town house middle in Katameya Residence finished,"Katameya Residence, The 1st Settlement, New Cairo City, Cairo",4 bedrooms,4 bathrooms,320 sqm,"7,600,000 EGP"
272,Apartment,aprt 2 bed in boulevard- mivida with Special price,"Mivida, 5th Settlement Compounds, The 5th Settlement, New Cairo City, Cairo",2 bedrooms,2 bathrooms,133 sqm,"5,450,000 EGP"
273,Villa,فيلا كورنر بكمبوند فيلات فقط بالتجمع بتسهيلات,"Azzar, 5th Settlement Compounds, The 5th Settlement, New Cairo City, Cairo",4 bedrooms,4 bathrooms,250 sqm,"800,000 EGP"
274,Chalet,Upper Chalet Horizon in seashell For Sale- 440 SQM,"Seashell, Al Alamein, North Coast",4 bedrooms,5 bathrooms,440 sqm,"6,000,000 EGP"
275,Chalet,Direct On Lagoon Chalet for Sale - Marassi Emaar,"Marassi, Sidi Abdel Rahman, North Coast",2 bedrooms,1 bathroom,102 sqm,"1,320,000 EGP"
276,Villa,GOLF VIEW 5BR Villa in Blanca - Marassi,"Marassi, Sidi Abdel Rahman, North Coast",5 bedrooms,5 bathrooms,395 sqm,"19,020,000 EGP"
277,Twin House,twin house under market price fully finished .....,"Layan Residence, 5th Settlement Compounds, The 5th Settlement, New Cairo City, Cairo",4 bedrooms,4 bathrooms,285 sqm,Ask for price
278,Chalet,Chalet For Sale In Hacienda Bay Immediate Receipt,"Hacienda Bay, Sidi Abdel Rahman, North Coast",4 bedrooms,3 bathrooms,200 sqm,"10,300,000 EGP"
279,Apartment,Apartment Ground for Sale Stone Residence 10%DP,"Stone Residence, 5th Settlement Compounds, The 5th Settlement, New Cairo City, Cairo",2 bedrooms,2 bathrooms,140 sqm,"293,000 EGP"
280,Chalet,بانوراما السخنه ارضي فيسينج للبحر و حمام السباحه .,"Panorama, Porto Sokhna, Al Ain Al Sokhna, Suez",2 bedrooms,2 bathrooms,100 sqm,"870,000 EGP"
281,Villa,Resale | Villa |with installments| Silver sands,"Silver Sands, Qesm Marsa Matrouh, North Coast",5 bedrooms,5 bathrooms,700 sqm,"3,000,000 EGP"
282,Chalet,pool view //prime location /// with furnished,"Marassi, Sidi Abdel Rahman, North Coast",3 bedrooms,2 bathrooms,160 sqm,"8,165,000 EGP"
283,Townhouse,Allegria Sodic Finished Town House Corner for Sale,"Allegria, Sheikh Zayed Compounds, Sheikh Zayed City, Giza",3 bedrooms,3 bathrooms,222 sqm,"10,000,000 EGP"
284,Chalet,Chalet 660m good location. Horizon,"Seashell, Al Alamein, North Coast",7 bedrooms,7 bathrooms,660 sqm,Ask for price
285,Villa,Own villa in M.V ras alhekma with 10% DP,"Mountain View, Ras Al Hekma, North Coast",4 bedrooms,2 bathrooms,225 sqm,"8,869,455 EGP"
286,Apartment,Apartment / 3 Bedrooms / Eastown / Sodic / 210 m.,"Eastown, 5th Settlement Compounds, The 5th Settlement, New Cairo City, Cairo",3 bedrooms,3 bathrooms,210 sqm,"5,000,000 EGP"
287,Apartment,Pay15%dp Apartment prime location in Golden Square,"La Fontaine Province, 5th Settlement Compounds, The 5th Settlement, New Cairo City, Cairo",3 bedrooms,2 bathrooms,142 sqm,"3,463,793 EGP"
288,Chalet,"For Sale Upper Senior chalet , Hacienda Bay ..","Hacienda Bay, Sidi Abdel Rahman, North Coast",4 bedrooms,4 bathrooms,280 sqm,"4,000,000 EGP"
289,Apartment,Classy Bright Apartment for Sale in Dokki .,"Boulos Hanna St., Dokki, Giza",3 bedrooms,3 bathrooms,239 sqm,"4,000,000 EGP"
290,Villa,Marassi|Villa|Emaar|With swimming pool,"Marassi, Sidi Abdel Rahman, North Coast",4 bedrooms,4 bathrooms,498 sqm,"25,000,000 EGP"
291,Twin House,Twin house for sale in mountain view Hyde park,"Mountain View Hyde Park, 5th Settlement Compounds, The 5th Settlement, New Cairo City, Cairo",5 bathrooms,378 sqm,,"9,500,000 EGP"
292,Townhouse,Best Ready to move Townhouse in District 5 10% DP,"District 5, 5th Settlement Compounds, The 5th Settlement, New Cairo City, Cairo",4 bedrooms,4 bathrooms,258 sqm,"10,130,000 EGP"
293,Apartment,"Hyde Park Apartment 175,000 down payment 157 M","Hyde Park, 5th Settlement Compounds, The 5th Settlement, New Cairo City, Cairo",3 bedrooms,2 bathrooms,157 sqm,"3,500,000 EGP"
294,Villa,فيلا للبيع فى مدينتى نموذج C بأقل سعر- وايد جاردن.,"Madinaty, Cairo",4 bedrooms,5 bathrooms,800 sqm,"23,000,000 EGP"
295,Apartment,Apartment for Sale 250 m Roushdy (Syria St),"Syria St., Roushdy, Hay Sharq, Alexandria",3 bedrooms,3 bathrooms,249 sqm,"3,400,000 EGP"
296,Apartment,apartment redy to move mountain view icity prime,"Mountain View iCity, 5th Settlement Compounds, The 5th Settlement, New Cairo City, Cairo",3 bedrooms,3 bathrooms,165 sqm,"2,400,000 EGP"
297,Villa,Mivida l standalone l 391m l 6 bedrooms,"Mivida, 5th Settlement Compounds, The 5th Settlement, New Cairo City, Cairo",6 bedrooms,5 bathrooms,391 sqm,"17,000,000 EGP"
298,Villa,"Villa for sale in Cairo Festival City, ⭐⭐⭐⭐⭐⭐⭐⭐⭐⭐⭐","Cairo Festival City, North Investors Area, New Cairo City, Cairo",5 bedrooms,5 bathrooms,417 sqm,"17,500,000 EGP"
299,Townhouse,Townhouse sea view with only 300k down payment,"Azha North, Ras Al Hekma, North Coast",3 bedrooms,3 bathrooms,157 sqm,"300,000 EGP"
300,Villa,ready to move villa in new capital with 5%DP,"Al Maqsad, New Capital Compounds, New Capital City, Cairo",5 bedrooms,4 bathrooms,426 sqm,"385,000 EGP"
301,Chalet,"Chalet For Sale Marassi 3 bedrooms 6,650,000","Marassi, Sidi Abdel Rahman, North Coast",3 bedrooms,2 bathrooms,140 sqm,"6,650,000 EGP"
302,Apartment,Gardens El Feda | North Statement | Apartment,"Al Feda Gardens, 5th Settlement Compounds, The 5th Settlement, New Cairo City, Cairo",5 bedrooms,4 bathrooms,350 sqm,"3,800,000 EGP"
303,Apartment,Sea View Fully Finished Apartment with5%DP|Alamein,"Mazarine, New Alamein City, North Coast",3 bedrooms,3 bathrooms,200 sqm,"250,000 EGP"
304,Chalet,prime location//bahary // direct pool // garden,"Marassi, Sidi Abdel Rahman, North Coast",3 bedrooms,2 bathrooms,190 sqm,"13,200,000 EGP"
305,Chalet,Chalet fully finished view on pool in North coast,"Mountain View, Ras Al Hekma, North Coast",3 bedrooms,3 bathrooms,125 sqm,"586,500 EGP"
306,Duplex,For sale i villa a roof - mountain view hyde park,"Mountain View Hyde Park, 5th Settlement Compounds, The 5th Settlement, New Cairo City, Cairo",5 bedrooms,3 bathrooms,305 sqm,"4,750,000 EGP"
307,Twin House,TwinHouse|Marassi|Fully Furnished|Attractive Price,"Marassi, Sidi Abdel Rahman, North Coast",3 bedrooms,3 bathrooms,277 sqm,"13,325,000 EGP"
308,iVilla,Own i villa with roof in ICity compound with 10%,"Mountain View iCity October, 6 October Compounds, 6 October City, Giza",3 bedrooms,2 bathrooms,190 sqm,"3,600,000 EGP"
309,Twin House,Twin House 300 sqm in PK1 fully finished with AC`S,"Palm Hills Kattameya, El Katameya Compounds, El Katameya, New Cairo City, Cairo",4 bathrooms,350 sqm,,"14,500,000 EGP"
310,Apartment,For Sale Apartment landscape View - F Finished,"Zayed Dunes, 6th District, Sheikh Zayed City, Giza",3 bedrooms,2 bathrooms,149 sqm,"2,450,000 EGP"
311,Apartment,Apartment|Full Finished| 0% DownPayment |10 Years,"Badya Palm Hills, Sheikh Zayed Compounds, Sheikh Zayed City, Giza",3 bedrooms,2 bathrooms,154 sqm,"3,770,000 EGP"
312,Apartment,"Apartment 190m 3rooms in Degoya, for sale 2 years","De Joya, New Capital Compounds, New Capital City, Cairo",3 bedrooms,3 bathrooms,190 sqm,"2,800,000 EGP"
313,Apartment,Own your apartment with a 10% down payment over 8y,"IL Bosco, New Capital Compounds, New Capital City, Cairo",3 bedrooms,1 bathroom,150 sqm,"2,500,000 EGP"
314,Duplex,Own a Duplex in a prime location in Blue Blue,"Blue Blue, Al Ain Al Sokhna, Suez",2 bedrooms,2 bathrooms,150 sqm,"4,570,000 EGP"
315,Townhouse,Town Mazzonte for sale in hyde park new cairo,"Hyde Park, 5th Settlement Compounds, The 5th Settlement, New Cairo City, Cairo",2 bedrooms,2 bathrooms,245 sqm,"4,200,000 EGP"
316,Chalet,Chalet with Roof for sale in Sea View North Coast.,"Sea View, Qesm Ad Dabaah, North Coast",1 bedroom,1 bathroom,72 sqm,"448,000 EGP"
317,Apartment,Studio at HydePark(CV) finished landscape view 84m,"Hyde Park, 5th Settlement Compounds, The 5th Settlement, New Cairo City, Cairo",1 bedroom,2 bathrooms,84 sqm,"1,590,000 EGP"
318,Apartment,Apartment Fully Finished Sea View Start price 4.3m,"The Gate Towers, New Alamein City, North Coast",2 bedrooms,1 bathroom,81 sqm,"4,300,000 EGP"
319,Villa,Villa in a very Premium location in Marina City .,"Marina City, 5th Settlement Compounds, The 5th Settlement, New Cairo City, Cairo",5 bedrooms,5 bathrooms,540 sqm,"8,500,000 EGP"
320,Apartment,Apartment in CFC | Super Lux Finished | Lake View,"Cairo Festival City, North Investors Area, New Cairo City, Cairo",2 bedrooms,2 bathrooms,137 sqm,"4,200,000 EGP"
321,Apartment,Apartment for sale with installment in New Cairo,"Swan Lake, The 1st Settlement, New Cairo City, Cairo",2 bedrooms,2 bathrooms,110 sqm,"367,000 EGP"
322,Twin House,For Sale Delivered Twin House in Cairo Festival,"Cairo Festival City, North Investors Area, New Cairo City, Cairo",4 bedrooms,5 bathrooms,324 sqm,"11,000,000 EGP"
323,Chalet,marina marassi with installments till 2028,"Marassi, Sidi Abdel Rahman, North Coast",1 bedroom,1 bathroom,75 sqm,"2,400,000 EGP"
324,Chalet,Chalet on Lagoon 3 Beds |Furnished |Blanca Marassi,"Marassi, Sidi Abdel Rahman, North Coast",3 bedrooms,2 bathrooms,141 sqm,"8,150,000 EGP"
325,Penthouse,Turn key panoramic sea view penthouse beach access,"Azzurra Resort, Sahl Hasheesh, Hurghada, Red Sea",2 bedrooms,2 bathrooms,220 sqm,"2,800,000 EGP"
326,Chalet,Chalet For Sale In Mountain View North Coast 10%Dp,"Mountain View, Ras Al Hekma, North Coast",3 bedrooms,2 bathrooms,125 sqm,"3,100,000 EGP"
327,Apartment,Apartment with Private Garden for sale @ HYDE PARK,"Hyde Park, 5th Settlement Compounds, The 5th Settlement, New Cairo City, Cairo",3 bedrooms,2 bathrooms,165 sqm,"400,000 EGP"
328,Hotel Apartment,Hot Deal| Chalet in Address Golf Marassi|Emaar,"Marassi, Sidi Abdel Rahman, North Coast",1 bedroom,1 bathroom,105 sqm,"6,659,000 EGP"
329,Apartment,apartment new capital 0% down payment over 10 year,"MU-23, Downtown Area, New Capital City, Cairo",2 bedrooms,1 bathroom,109 sqm,"1,100,000 EGP"
330,Duplex,I-villa Garden | Fully Finished | ACs | Kitchen,"Mountain View Hyde Park, 5th Settlement Compounds, The 5th Settlement, New Cairo City, Cairo",3 bedrooms,3 bathrooms,230 sqm,"5,200,000 EGP"
331,Apartment,Apartment for sale at Regents Park new cairo 125m.,"Regents Park, Al Andalus District, New Cairo City, Cairo",2 bedrooms,1 bathroom,125 sqm,"1,900,000 EGP"
332,Chalet,Direct on Lagoon / Fully Finished Chalet,"Fouka Bay, Qesm Marsa Matrouh, North Coast",3 bedrooms,3 bathrooms,125 sqm,"2,850,000 EGP"
333,Apartment,Apartment 217m for sale mivida with installmnet,"Mivida, 5th Settlement Compounds, The 5th Settlement, New Cairo City, Cairo",3 bedrooms,3 bathrooms,217 sqm,"6,100,000 EGP"
334,Apartment,Book your unit in new Andalus -185m - dp25%,"Al Andalus El Gedida, Al Andalus District, New Cairo City, Cairo",3 bedrooms,2 bathrooms,185 sqm,"1,480,000 EGP"
335,Twin House,Best Offer|Twin House in Verona Marassi|Rare Price,"Marassi, Sidi Abdel Rahman, North Coast",4 bedrooms,3 bathrooms,277 sqm,"13,500,000 EGP"
336,Chalet,"Chalet 147m, fully finished, in Amwaj ,DP400K","Amwaj, Al Alamein, North Coast",3 bedrooms,3 bathrooms,147 sqm,"400,000 EGP"
337,Villa,Stand-Alone Villa sale in Marassi o Crystal Lagoon,"Marassi, Sidi Abdel Rahman, North Coast",6 bedrooms,4 bathrooms,720 sqm,"27,000,000 EGP"
338,Duplex,"Amwaj , Duplex third row from Sea","Amwaj, Al Alamein, North Coast",4 bedrooms,3 bathrooms,180 sqm,"3,900,000 EGP"
339,Chalet,Chalet for sale-Marassi-Marina- 3 bedrooms .,"Marassi, Sidi Abdel Rahman, North Coast",3 bedrooms,3 bathrooms,207 sqm,"9,700,000 EGP"
340,Chalet,livable compound in north coast by mountain view,"Mountain View, Ras Al Hekma, North Coast",2 bedrooms,2 bathrooms,100 sqm,"2,300,000 EGP"
341,Chalet,"Chalet 76m for sale, furnished,pool view,marina 2","Marassi, Sidi Abdel Rahman, North Coast",1 bedroom,1 bathroom,76 sqm,"5,750,000 EGP"
342,Townhouse,apartment for sale in Palm Hills New Cairo+ roof,"Palm Hills New Cairo, 5th Settlement Compounds, The 5th Settlement, New Cairo City, Cairo",4 bedrooms,4 bathrooms,250 sqm,"5,250,000 EGP"
343,Villa,Villa 500m for Sale in Vectoria Marassi,"Marassi, Sidi Abdel Rahman, North Coast",5 bedrooms,5 bathrooms,500 sqm,"22,500,000 EGP"
344,Chalet,Best Price For Ground Chalet in Caesar *Over Pool*,"Caesar, Qesm Marsa Matrouh, North Coast",3 bedrooms,3 bathrooms,171 sqm,"8,400,000 EGP"
345,iVilla,I Villa B roof with lowest price for sale at MVHP.,"Mountain View Hyde Park, 5th Settlement Compounds, The 5th Settlement, New Cairo City, Cairo",3 bedrooms,3 bathrooms,234 sqm,"2,570,000 EGP"
346,Villa,For resale standalone villa ready to move with INS,"Al Burouj Compound, El Shorouk Compounds, Shorouk City, Cairo",4 bedrooms,4 bathrooms,340 sqm,"6,632,398 EGP"
347,Apartment,Apartment with garden|OWEST|Under market price,"O West, 6 October Compounds, 6 October City, Giza",2 bedrooms,3 bathrooms,136 sqm,"1,250,000 EGP"
348,Townhouse,townhouse middle classic 234m prime location,"Hyde Park, 5th Settlement Compounds, The 5th Settlement, New Cairo City, Cairo",4 bedrooms,4 bathrooms,236 sqm,"6,400,000 EGP"
349,Apartment,Apartment for Sale 175 m Louran,"Al Geish Road, Laurent, Hay Sharq, Alexandria",3 bedrooms,2 bathrooms,175 sqm,"2,500,000 EGP"
350,Villa,Villa 500m for Sale in Vectoria Marassi,"Marassi, Sidi Abdel Rahman, North Coast",5 bedrooms,5 bathrooms,500 sqm,"22,500,000 EGP"
351,Chalet,Best Price For Ground Chalet in Caesar *Over Pool*,"Caesar, Qesm Marsa Matrouh, North Coast",3 bedrooms,3 bathrooms,171 sqm,"8,400,000 EGP"
352,iVilla,I Villa B roof with lowest price for sale at MVHP.,"Mountain View Hyde Park, 5th Settlement Compounds, The 5th Settlement, New Cairo City, Cairo",3 bedrooms,3 bathrooms,234 sqm,"2,570,000 EGP"
353,Villa,For resale standalone villa ready to move with INS,"Al Burouj Compound, El Shorouk Compounds, Shorouk City, Cairo",4 bedrooms,4 bathrooms,340 sqm,"6,632,398 EGP"
354,Apartment,Apartment with garden|OWEST|Under market price,"O West, 6 October Compounds, 6 October City, Giza",2 bedrooms,3 bathrooms,136 sqm,"1,250,000 EGP"
355,Townhouse,townhouse middle classic 234m prime location,"Hyde Park, 5th Settlement Compounds, The 5th Settlement, New Cairo City, Cairo",4 bedrooms,4 bathrooms,236 sqm,"6,400,000 EGP"
356,Apartment,Apartment for Sale 175 m Louran,"Al Geish Road, Laurent, Hay Sharq, Alexandria",3 bedrooms,2 bathrooms,175 sqm,"2,500,000 EGP"
357,Villa,Standalone in pk2 For Sale Semi finished-New Cairo,"Palm Hills Katameya Extension, 5th Settlement Compounds, The 5th Settlement, New Cairo City, Cairo",4 bedrooms,5 bathrooms,400 sqm,"7,500,000 EGP"
358,Townhouse,amazing villa for sale in Diyar with special price,"Dyar Park, Ext North Inves Area, New Cairo City, Cairo",4 bedrooms,4 bathrooms,350 sqm,Ask for price
359,Apartment,apartment for sale in midtown new cairo-pool view,"Midtown, South Investors Area, New Cairo City, Cairo",3 bedrooms,3 bathrooms,225 sqm,"3,000,000 EGP"
360,Villa,Marassi Villa 5 bed on the lagoon north facing,"Marassi, Sidi Abdel Rahman, North Coast",5 bedrooms,5 bathrooms,435 sqm,"25,000,000 EGP"
361,Villa,Mivida Emaar Stand Alone 740m over the lake sale,"Mivida, 5th Settlement Compounds, The 5th Settlement, New Cairo City, Cairo",6 bedrooms,7 bathrooms,740 sqm,"42,000,000 EGP"
362,Penthouse,Penthouse 112 m 3 bedrooms for sale at fouka bay,"Fouka Bay, Qesm Marsa Matrouh, North Coast",3 bedrooms,2 bathrooms,112 sqm,"3,000,000 EGP"
363,Chalet,only 5% chalet for sale sea view Telal Sokhna,"Telal Al Sokhna, Al Ain Al Sokhna, Suez",2 bedrooms,2 bathrooms,96 sqm,"2,120,000 EGP"
364,Chalet,Chalet + Roof | 3 Beds + Maids | Landscape View,"Amwaj, Al Alamein, North Coast",3 bedrooms,2 bathrooms,150 sqm,"3,200,000 EGP"
365,Chalet,Chalet sea view in mountain view ras elhikma,"Mountain View, Ras Al Hekma, North Coast",2 bedrooms,2 bathrooms,110 sqm,"2,672,000 EGP"
366,Twin House,Twin resale prime location in Palm Valley,"Palm Hills Palm Valley, 26th of July Corridor, 6 October City, Giza",4 bathrooms,517 sqm,,"7,800,000 EGP"
367,Chalet,Own Chalet sea view in northcoast- Finished,"Fouka Bay, Qesm Marsa Matrouh, North Coast",3 bedrooms,2 bathrooms,137 sqm,"1,085,250 EGP"
368,Duplex,Duplex for sale + Garden in Al Burouj Shorouk City,"Al Burouj Compound, El Shorouk Compounds, Shorouk City, Cairo",4 bedrooms,3 bathrooms,199 sqm,"440,000 EGP"
369,Villa,Villa for sale in Dyar arco in New Cairo,"Dyar Compound, 90 Street, The 5th Settlement, New Cairo City, Cairo",4 bedrooms,4 bathrooms,730 sqm,"10,500,000 EGP"
370,Apartment,The Address East Apartment|Ground floor|villa view,"The Address East, 90 Street, The 5th Settlement, New Cairo City, Cairo",3 bedrooms,2 bathrooms,140 sqm,"3,280,000 EGP"
371,Apartment,Studio For sale at new Cairo -9 years installments,"Taj City, 5th Settlement Compounds, The 5th Settlement, New Cairo City, Cairo",Studio,1 bathroom,74 sqm,"134,000 EGP"
372,Apartment,Own Ready To Move Apartment with Installments 6Yrs,"Galleria Residences, South Investors Area, New Cairo City, Cairo",3 bedrooms,2 bathrooms,165 sqm,"3,300,000 EGP"
373,Apartment,Eastown Apartment 160m Prime Location for sale,"Eastown, 5th Settlement Compounds, The 5th Settlement, New Cairo City, Cairo",2 bedrooms,2 bathrooms,160 sqm,"4,200,000 EGP"
374,Apartment,Semi finished apartment for sale at Village Gate,"Palm Hills Village Gate, South Investors Area, New Cairo City, Cairo",2 bedrooms,2 bathrooms,146 sqm,"2,300,000 EGP"
375,Apartment,Apt With Garden|Inst Till 2023 |With Ac’s+ kitchen,"Fifth Square, North Investors Area, New Cairo City, Cairo",3 bedrooms,3 bathrooms,144 sqm,"3,200,000 EGP"
376,Chalet,in advance of 250 thousand chalet 92m Ras El Hekma,"Mountain View, Ras Al Hekma, North Coast",2 bedrooms,2 bathrooms,92 sqm,"2,500,000 EGP"
377,Chalet,Chalet For Sale with lagoon View in North Coast,"White Sand, Markaz Al Hamam, North Coast",2 bedrooms,1 bathroom,92 sqm,"2,035,000 EGP"
378,Chalet,Chalet 3 bed side golf and lake in North Coast,"Marassi, Sidi Abdel Rahman, North Coast",3 bedrooms,3 bathrooms,195 sqm,"6,900,000 EGP"
379,Hotel Apartment,Own hotel apartment fully finished-installment 10y,"D-Square, Downtown Area, New Capital City, Cairo",1 bedroom,1 bathroom,62 sqm,"1,934,400 EGP"
380,Apartment,Apartment 153 SQM in katamya plaza semi finished .,"Al Katameya Plaza, The 1st Settlement, New Cairo City, Cairo",2 bedrooms,3 bathrooms,153 sqm,"2,950,000 EGP"
381,Chalet,Standalone Chalet Ground Direct lagoon fouka bay,"Fouka Bay, Qesm Marsa Matrouh, North Coast",3 bedrooms,3 bathrooms,180 sqm,"3,800,000 EGP"
382,Twin House,Unique interior|Lowest Price |Twin House in Mivida,"Mivida, 5th Settlement Compounds, The 5th Settlement, New Cairo City, Cairo",3 bedrooms,3 bathrooms,310 sqm,"12,500,000 EGP"
383,Apartment,كومباوند مغلق | مقدم 10% | 6 سنوات تقسيط,"Suez Canal Road, El Shatby, Hay Wasat, Alexandria",3 bedrooms,2 bathrooms,145 sqm,"3,262,000 EGP"
384,Apartment,Fully Finished Apartment in Marassi Marina,"Marassi, Sidi Abdel Rahman, North Coast",2 bedrooms,2 bathrooms,141 sqm,"10,500,000 EGP"
385,Townhouse,Fully Finished Townhouse 5% dp / 8yrs Installments,"Karmell, New Zayed City, Sheikh Zayed City, Giza",3 bedrooms,4 bathrooms,205 sqm,"315,000 EGP"
386,Duplex,Fully Finished Duplex For Sale In Palm Parks,"Palm Parks Palm Hills, South Dahshur Link, 6 October City, Giza",3 bedrooms,3 bathrooms,210 sqm,"4,100,000 EGP"
387,Villa,Ready to deliver Villa with 0 downpayment over 10y,"Badya Palm Hills, Sheikh Zayed Compounds, Sheikh Zayed City, Giza",4 bedrooms,3 bathrooms,220 sqm,"5,000,000 EGP"
388,Villa,Stand alone in Katameya Dunes First row golf,"Katameya Dunes, El Katameya Compounds, El Katameya, New Cairo City, Cairo",7 bedrooms,7 bathrooms,"1,300 sqm","35,000,000 EGP"
389,Villa,With 0 % Down payment own your villa in Badya .,"Badya Palm Hills, Sheikh Zayed Compounds, Sheikh Zayed City, Giza",3 bedrooms,3 bathrooms,197 sqm,"7,186,000 EGP"
390,Apartment,Apartment for sale 8 years installments,"Villette, 5th Settlement Compounds, The 5th Settlement, New Cairo City, Cairo",3 bedrooms,3 bathrooms,183 sqm,"7,600,000 EGP"
391,Apartment,Apartment for sale N uptown Golf with installments,"Golf Side, Uptown Cairo, Mokattam, Cairo",2 bedrooms,3 bathrooms,166 sqm,"926,619 EGP"
392,Villa,Villa fully finished with cabana Lagoon view,"Seashell, Al Alamein, North Coast",4 bedrooms,4 bathrooms,666 sqm,"19,000,000 EGP"
393,Penthouse,Chalet with Penthouse for sale at Marassi,"Marassi, Sidi Abdel Rahman, North Coast",3 bedrooms,3 bathrooms,208 sqm,"7,500,000 EGP"
394,Townhouse,Townhouse middle in PK2 - New Cairo,"Palm Hills Katameya Extension, 5th Settlement Compounds, The 5th Settlement, New Cairo City, Cairo",4 bedrooms,5 bathrooms,330 sqm,"6,300,000 EGP"
395,Apartment,We expanded the area apartment of 177 m in Century,"Century City, 5th Settlement Compounds, The 5th Settlement, New Cairo City, Cairo",4 bedrooms,3 bathrooms,177 sqm,"3,274,500 EGP"
396,Chalet,Prime Located Garden Chalet @Mountain View Evia,"Mountain View, Ras Al Hekma, North Coast",3 bedrooms,2 bathrooms,132 sqm,"3,400,000 EGP"
397,Penthouse,A great Pent house at Hyde Park for sale .,"Hyde Park, 5th Settlement Compounds, The 5th Settlement, New Cairo City, Cairo",3 bedrooms,3 bathrooms,207 sqm,"3,500,000 EGP"
398,Apartment,Amazing Apartment217m prime location at Eastown,"Eastown, 5th Settlement Compounds, The 5th Settlement, New Cairo City, Cairo",3 bedrooms,3 bathrooms,217 sqm,"4,850,000 EGP"
399,Apartment,Fully Finished Apt Delivery Now With Installments,"Fifth Square, North Investors Area, New Cairo City, Cairo",2 bedrooms,2 bathrooms,240 sqm,"585,000 EGP"
400,Villa,Small Villa For Sale in Sodic Villette 600m,"Villette, 5th Settlement Compounds, The 5th Settlement, New Cairo City, Cairo",4 bedrooms,4 bathrooms,600 sqm,"12,800,000 EGP"
401,Chalet,Chalet sea view for sale in fouka bay bahry,"Fouka Bay, Qesm Marsa Matrouh, North Coast",3 bedrooms,2 bathrooms,129 sqm,"1,042,000 EGP"
402,iVilla,I-Villa 272m With Open View - Garden 50m-MountainV,"Mountain View October Park, 6th District, 6 October City, Giza",4 bedrooms,3 bathrooms,272 sqm,"3,500,000 EGP"
403,Twin House,Twin house Lagoon View 4 bed in Marassi Verdi,"Marassi, Sidi Abdel Rahman, North Coast",4 bedrooms,4 bathrooms,290 sqm,"12,500,000 EGP"
404,Apartment,"1 Bedroom Apartment for Sale in Marassi, Marina","Marassi, Sidi Abdel Rahman, North Coast",1 bedroom,1 bathroom,81 sqm,"5,300,000 EGP"
405,Apartment,Delivered NOW Lowest Price Finished Apartment-A/Cs,"Fifth Square, North Investors Area, New Cairo City, Cairo",3 bedrooms,3 bathrooms,160 sqm,"3,000,000 EGP"
406,Villa,Villa Very Prime Location in Golf Views,"Palm Hills Golf Views, Cairo Alexandria Desert Road, 6 October City, Giza",5 bedrooms,5 bathrooms,850 sqm,"20,000,000 EGP"
407,iVilla,Ivilla Garden for sale in mountain view hyde park,"Mountain View Hyde Park, 5th Settlement Compounds, The 5th Settlement, New Cairo City, Cairo",3 bedrooms,4 bathrooms,235 sqm,"5,000,000 EGP"
408,Apartment,Apartment Ready to move Fully Finished with ACs,"Fifth Square, North Investors Area, New Cairo City, Cairo",3 bedrooms,2 bathrooms,160 sqm,"2,809,000 EGP"
409,Chalet,Prime Location l Chalet l Marina Marassi l Bua:76m,"Marassi, Sidi Abdel Rahman, North Coast",1 bedroom,1 bathroom,76 sqm,"4,950,000 EGP"
410,Villa,stand alone villa for sale at katamya palms,"Katameya Palms, 5th Settlement Compounds, The 5th Settlement, New Cairo City, Cairo",5 bedrooms,4 bathrooms,575 sqm,"12,000,000 EGP"
411,Chalet,Senior Chalet Upper Furnished in Hacienda Bay,"Hacienda Bay, Sidi Abdel Rahman, North Coast",3 bedrooms,3 bathrooms,363 sqm,"4,600,000 EGP"
412,Villa,Hot Deal villa for sale with view land scape,"Mivida, 5th Settlement Compounds, The 5th Settlement, New Cairo City, Cairo",4 bedrooms,4 bathrooms,356 sqm,"11,000,000 EGP"
413,Apartment,Panoramic Sea view 4bedrooms resale Installments,"North Edge Towers, New Alamein City, North Coast",4 bedrooms,3 bathrooms,351 sqm,"16,500,000 EGP"
414,Villa,-Standalone- Overlooking The Lake-Gardenia Springs,"Gardenia Springs, Ext North Inves Area, New Cairo City, Cairo",4 bedrooms,4 bathrooms,856 sqm,"9,800,000 EGP"
415,Villa,standalone For Sale in Blanca Marassi .,"Marassi, Sidi Abdel Rahman, North Coast",5 bedrooms,4 bathrooms,395 sqm,"23,550,000 EGP"
416,Chalet,Chalet|Fully Finished|With Installments|Marassi,"Marassi, Sidi Abdel Rahman, North Coast",1 bedroom,1 bathroom,66 sqm,"2,175,193 EGP"
417,Townhouse,Town house with facilities in Vinci Compound,"Vinci, New Capital Compounds, New Capital City, Cairo",3 bedrooms,3 bathrooms,253 sqm,"4,942,178 EGP"
418,Villa,Delivery this Year Twin Villa Open View Greenery,"La Vista City, New Capital Compounds, New Capital City, Cairo",4 bedrooms,4 bathrooms,288 sqm,"8,000,000 EGP"
419,Chalet,SEA VIEW FURNISHED 140SQM+AC UPPER CHALET 3RD ROW,"La Vista 1, La Vista, Al Ain Al Sokhna, Suez",3 bedrooms,2 bathrooms,140 sqm,"4,100,000 EGP"
420,Chalet,light block ground skay phase- semi finshed,"Seashell, Al Alamein, North Coast",3 bedrooms,4 bathrooms,280 sqm,"5,500,000 EGP"
421,Chalet,Chalet 2 Bedrooms Facing North Installment,"Marassi, Sidi Abdel Rahman, North Coast",2 bedrooms,2 bathrooms,133 sqm,"5,558,000 EGP"
422,Chalet,Dwelling ground for sale in Seashell 183m,"Seashell, Al Alamein, North Coast",3 bedrooms,3 bathrooms,183 sqm,"6,000,000 EGP"
423,Apartment,Apartment for sale in B7 - Madinaty,"Madinaty, Cairo",2 bedrooms,2 bathrooms,96 sqm,"1,800,000 EGP"
424,Chalet,Chalet for sale 109m in Bianchi North Coast,"Bianchi, Sidi Abdel Rahman, North Coast",2 bedrooms,2 bathrooms,109 sqm,"3,950,000 EGP"
425,Chalet,For Fast Sale | Senior Ground Chalet |Hacienda Bay,"Hacienda Bay, Sidi Abdel Rahman, North Coast",3 bedrooms,3 bathrooms,195 sqm,"5,650,000 EGP"
426,Apartment,Apartment For Sale With Landscape View,"Palm Hills New Cairo, 5th Settlement Compounds, The 5th Settlement, New Cairo City, Cairo",4 bedrooms,4 bathrooms,216 sqm,"3,200,000 EGP"
427,Apartment,5 Rooms For Sale In The Gate Tower Fully Finished,"The Gate Towers, New Alamein City, North Coast",5 bedrooms,5 bathrooms,387 sqm,"1,900,000 EGP"
428,Villa,"Villa for sale in Hyde Park, Fifth Settlement","Hyde Park, 5th Settlement Compounds, The 5th Settlement, New Cairo City, Cairo",4 bedrooms,6 bathrooms,320 sqm,"14,500,000 EGP"
429,Twin House,Twin House With 60 % DP|3 Levels|Featured Location,"Mivida, 5th Settlement Compounds, The 5th Settlement, New Cairo City, Cairo",4 bedrooms,4 bathrooms,355 sqm,"9,500,000 EGP"
430,Apartment,Appartment 170m Fullyfinished delivery 2years,"Atika, New Capital Compounds, New Capital City, Cairo",3 bedrooms,3 bathrooms,170 sqm,"2,700,000 EGP"
431,Chalet,Lagoon view chalet |North coast |15%DP|OFFER,"Fouka Bay, Qesm Marsa Matrouh, North Coast",3 bedrooms,3 bathrooms,125 sqm,"594,000 EGP"
432,Duplex,Garden Duplex !! hacienda Bay | 10% DP ! 4 BR,"Hacienda Bay, Sidi Abdel Rahman, North Coast",4 bedrooms,4 bathrooms,266 sqm,"8,244,300 EGP"
433,Apartment,Apartment For Sale 250 m Roushdy Ibrahim Helmy St.,"Abou Quer Road, Roushdy, Hay Sharq, Alexandria",3 bedrooms,2 bathrooms,250 sqm,"3,100,000 EGP"
434,Apartment,Own your Garden Apartment in Badya 0% DP 10 Years,"Badya Palm Hills, Sheikh Zayed Compounds, Sheikh Zayed City, Giza",2 bedrooms,2 bathrooms,125 sqm,"3,300,000 EGP"
435,Chalet,seashell upper horizon chalet (sky) for sale,"Seashell, Al Alamein, North Coast",4 bedrooms,4 bathrooms,300 sqm,"8,000,000 EGP"
436,Apartment,Good price apartment 192m2 for sale at Hyde park.,"Hyde Park, 5th Settlement Compounds, The 5th Settlement, New Cairo City, Cairo",3 bedrooms,3 bathrooms,192 sqm,"2,850,000 EGP"
437,Apartment,Delivered NOW Finished Apartment With Installments,"Fifth Square, North Investors Area, New Cairo City, Cairo",3 bedrooms,3 bathrooms,160 sqm,"2,700,000 EGP"
438,Villa,"Villa in Badia without down payment, installments","Badya Palm Hills, Sheikh Zayed Compounds, Sheikh Zayed City, Giza",3 bedrooms,3 bathrooms,264 sqm,"7,200,000 EGP"
439,Penthouse,Penthouse for sale in villette compound ( SODIC ),"Villette, 5th Settlement Compounds, The 5th Settlement, New Cairo City, Cairo",4 bedrooms,3 bathrooms,294 sqm,"7,500,000 EGP"
440,Villa,⭐⭐⭐⭐⭐ villa Corner for sale -503m- in Hacienda Bay,"Hacienda Bay, Sidi Abdel Rahman, North Coast",5 bedrooms,5 bathrooms,503 sqm,"5,350,000 EGP"
441,Villa,Prime Villa Ready to move 0% Down Payment10 Years,"Badya Palm Hills, Sheikh Zayed Compounds, Sheikh Zayed City, Giza",3 bedrooms,3 bathrooms,,"6,800,000 EGP"
442,Chalet,5% down payment // with garden // fully finished//,"Hyde Park North, Ras Al Hekma, North Coast",2 bedrooms,2 bathrooms,124 sqm,"190,000 EGP"
443,Apartment,Penthouse 215m in Midtown for sale New Cairo,"Midtown, South Investors Area, New Cairo City, Cairo",3 bedrooms,3 bathrooms,215 sqm,"3,150,000 EGP"
444,Chalet,for sale in hacinda west prime location 3 bed,"Hacienda West, Sidi Abdel Rahman, North Coast",3 bedrooms,3 bathrooms,125 sqm,"3,200,000 EGP"
445,Villa,1st Row Villa bua1000m|land 1500m In Golf Views,"Palm Hills Golf Views, Cairo Alexandria Desert Road, 6 October City, Giza",8 bedrooms,7 bathrooms,"1,500 sqm","23,000,000 EGP"
446,Villa,limited offer *0% downpayment * first row lagoon,"Mangroovy Residence, Al Gouna, Hurghada, Red Sea",4 bedrooms,4 bathrooms,178 sqm,"7,000,000 EGP"
447,Chalet,Lagoon view Chalet with Roof in Swan Lake,"Swan Lake, Qesm Ad Dabaah, North Coast",3 bedrooms,3 bathrooms,205 sqm,"10,500,000 EGP"
448,Townhouse,Corner Townhouse For Sale in Dyar park 260 Sqm,"Dyar Park, Ext North Inves Area, New Cairo City, Cairo",4 bedrooms,4 bathrooms,260 sqm,"6,500,001 EGP"
449,Villa,Villa Marassi | sea front | finished | Inst. 2028,"Marassi, Sidi Abdel Rahman, North Coast",5 bedrooms,5 bathrooms,610 sqm,"47,912,681 EGP"
450,Townhouse,## twon house for sale in new capita 255m##,"R7, New Capital City, Cairo",3 bedrooms,4 bathrooms,255 sqm,"4,975,000 EGP"
451,Villa,Hot Deal Fully Finished Townhouse In Hyde Park,"Hyde Park, 5th Settlement Compounds, The 5th Settlement, New Cairo City, Cairo",3 bedrooms,3 bathrooms,197 sqm,"5,400,000 EGP"
452,Villa,Villa for sale In Lake View L:600 BUE:550 price18M,"Lake View, 5th Settlement Compounds, The 5th Settlement, New Cairo City, Cairo",5 bedrooms,4 bathrooms,500 sqm,"18,000,000 EGP"
453,Apartment,Mivida Apartment with garden for sale unique view,"Mivida, 5th Settlement Compounds, The 5th Settlement, New Cairo City, Cairo",3 bedrooms,3 bathrooms,180 sqm,"4,590,000 EGP"
454,Chalet,Chalet Light Block GrFloor For Sale In Sea Shell,"Seashell, Al Alamein, North Coast",3 bedrooms,3 bathrooms,288 sqm,"8,000,000 EGP"
455,Chalet,only 5% DP chalet for sale sea view Telal-ALAMEIN,"Telal Alamein, Sidi Abdel Rahman, North Coast",3 bedrooms,2 bathrooms,133 sqm,"3,810,000 EGP"
456,Townhouse,Own a villa in La Vista City new capital city,"La Vista City, New Capital Compounds, New Capital City, Cairo",3 bedrooms,3 bathrooms,230 sqm,"751,000 EGP"
457,Villa,Standalone villa for sale at madinaty .,"Madinaty, Cairo",4 bedrooms,4 bathrooms,555 sqm,"23,000,000 EGP"
458,Twin House,10% Ddownpayment Fully finished Panoramic Sea view,"katameya coast, Qesm Ad Dabaah, North Coast",4 bedrooms,4 bathrooms,275 sqm,"1,770,000 EGP"
459,Apartment,Fully finished apartment for sale at Regents Park.,"Regents Park, Al Andalus District, New Cairo City, Cairo",1 bedroom,1 bathroom,95 sqm,"2,200,000 EGP"
460,Apartment,apartment 188m eastown with installments,"Eastown, 5th Settlement Compounds, The 5th Settlement, New Cairo City, Cairo",3 bedrooms,3 bathrooms,188 sqm,"3,450,000 EGP"
461,Chalet,Chalet for sale in monte galala sokhna,"IL Monte Galala, Al Ain Al Sokhna, Suez",2 bedrooms,2 bathrooms,95 sqm,"3,400,000 EGP"
462,iVilla,ivilla for sale in mountain view chill out park,"Mountain View Chill Out Park, Northern Expansions, 6 October City, Giza",4 bedrooms,3 bathrooms,284 sqm,"3,000,000 EGP"
463,Chalet,Resale Senior Chalet First Row Golf With Garden,"Hacienda Bay, Sidi Abdel Rahman, North Coast",4 bedrooms,4 bathrooms,190 sqm,"5,500,000 EGP"
464,Apartment,Ground Fully Furnished Apartment,"Eastown, 5th Settlement Compounds, The 5th Settlement, New Cairo City, Cairo",3 bedrooms,3 bathrooms,185 sqm,"9,000,000 EGP"
465,Villa,Finished villa with 20% Discount /9y Installments,"Cali Coast, Ras Al Hekma, North Coast",4 bedrooms,4 bathrooms,360 sqm,"6,700,000 EGP"
466,iVilla,I Villa A garden under Market Price at MVHP .,"Mountain View Hyde Park, 5th Settlement Compounds, The 5th Settlement, New Cairo City, Cairo",4 bedrooms,3 bathrooms,278 sqm,"4,600,000 EGP"
467,Townhouse,Marassi Verona town house North View good location,"Marassi, Sidi Abdel Rahman, North Coast",4 bedrooms,4 bathrooms,330 sqm,"14,500,000 EGP"
468,Apartment,Avenues Mivida Apartment 140m over Pool for Sale,"Mivida, 5th Settlement Compounds, The 5th Settlement, New Cairo City, Cairo",2 bedrooms,2 bathrooms,140 sqm,"5,300,000 EGP"
469,Villa,5bedrooms villa by ELIE SAAB in cairo gate,"Cairo Gate, Sheikh Zayed Compounds, Sheikh Zayed City, Giza",4 bedrooms,4 bathrooms,350 sqm,"30,000,000 EGP"
470,Chalet,Limited offer_Direct sea view chalet with 5% D.P,"Telal Al Sokhna, Al Ain Al Sokhna, Suez",2 bedrooms,2 bathrooms,97 sqm,"2,080,000 EGP"
471,Apartment,"DP 310 , Apartment 200m ,insta over 8 years","IL Bosco, New Capital Compounds, New Capital City, Cairo",3 bedrooms,3 bathrooms,200 sqm,"3,100,000 EGP"
472,Apartment,NEW RELEASE in el patio oro with 10% down payment,"El Patio Oro, 5th Settlement Compounds, The 5th Settlement, New Cairo City, Cairo",2 bedrooms,2 bathrooms,120 sqm,"2,700,000 EGP"
473,iVilla,I villa garden for sale in mountain view i city,"Mountain View iCity October, 6 October Compounds, 6 October City, Giza",3 bedrooms,3 bathrooms,200 sqm,"3,900,000 EGP"
474,Villa,First Row Panorama View in Selection - Almaza Bay,"Almaza Bay, Qesm Marsa Matrouh, North Coast",6 bedrooms,6 bathrooms,800 sqm,"40,000,000 EGP"
475,Villa,AN OUTSTANDING VILLA*1200-M2 LAND- PRIME LOCATION*,"Palm Hills Kattameya, El Katameya Compounds, El Katameya, New Cairo City, Cairo",5 bedrooms,5 bathrooms,"1,200 sqm","18,350,000 EGP"
476,Chalet,Senior Chalet for sale Hacienda bay first row golf,"Hacienda Bay, Sidi Abdel Rahman, North Coast",3 bedrooms,3 bathrooms,235 sqm,"4,700,000 EGP"
477,Apartment,Apartment Perfect location !! 141M || 3BR,"Palm Hills New Cairo, 5th Settlement Compounds, The 5th Settlement, New Cairo City, Cairo",2 bedrooms,2 bathrooms,141 sqm,"3,271,000 EGP"
478,Villa,Own your Villa in hyde park 250m with installments,"Hyde Park, 5th Settlement Compounds, The 5th Settlement, New Cairo City, Cairo",4 bedrooms,4 bathrooms,250 sqm,"5,000,000 EGP"
479,Apartment,Own your hotel apartment in Concorde ElSalam Hotel,"Nile Business City, Downtown Area, New Capital City, Cairo",2 bedrooms,1 bathroom,60 sqm,"3,000,000 EGP"
480,Twin House,Twin House modern at Hyde Park Biggest land 280M.,"Hyde Park, 5th Settlement Compounds, The 5th Settlement, New Cairo City, Cairo",3 bedrooms,3 bathrooms,280 sqm,"6,000,000 EGP"
481,Villa,Villa For Sale With Lowest Price In Palm Hills,"Palm Hills Golf Extension, Al Wahat Road, 6 October City, Giza",6 bedrooms,7 bathrooms,550 sqm,"14,500,000 EGP"
482,Townhouse,Town House| Marassi | Emaar | with installments,"Marassi, Sidi Abdel Rahman, North Coast",3 bedrooms,3 bathrooms,167 sqm,"7,859,947 EGP"
483,Apartment,Boulevard I Emaar I Installment I fully finished,"Mivida, 5th Settlement Compounds, The 5th Settlement, New Cairo City, Cairo",2 bedrooms,2 bathrooms,133 sqm,"2,162,479 EGP"
484,Apartment,110m with garden live !in installments up to9years,"Mountain View iCity, 5th Settlement Compounds, The 5th Settlement, New Cairo City, Cairo",2 bedrooms,2 bathrooms,110 sqm,"270,000 EGP"
485,Townhouse,Luxury townhouse corner at patio 5 east 15%downpay,"Al Patio 5 East, El Patio, El Shorouk Compounds, Shorouk City, Cairo",5 bedrooms,5 bathrooms,269 sqm,"990,000 EGP"
486,Villa,فيلا مستقله 320 م بمقدم 570 الف بالعبور,"ORO Obour Compound, 6th District, Obour City, Qalyubia",4 bedrooms,3 bathrooms,320 sqm,"570,000 EGP"
487,Chalet,Finished chalet 4 rooms in Amwaj good price,"Amwaj, Al Alamein, North Coast",4 bedrooms,3 bathrooms,,Ask for price
488,Apartment,APT 181M WITH DB 200 k FOR SALE IN NEW CAPITAL,"IL Bosco, New Capital Compounds, New Capital City, Cairo",4 bedrooms,3 bathrooms,181 sqm,"200,000 EGP"
489,Twin House,twin house 309 m for sale in layan residence prime,"Layan Residence, 5th Settlement Compounds, The 5th Settlement, New Cairo City, Cairo",4 bedrooms,4 bathrooms,309 sqm,"6,800,000 EGP"
490,Villa,Standalone in Hydepark for sale semi finished,"Hyde Park, 5th Settlement Compounds, The 5th Settlement, New Cairo City, Cairo",4 bedrooms,4 bathrooms,444 sqm,"10,500,000 EGP"
491,Apartment,Apartment in new capital compound 45% discount,"De Joya, New Capital Compounds, New Capital City, Cairo",3 bedrooms,2 bathrooms,136 sqm,"800,000 EGP"
492,Chalet,LAGOON VIEW 4 BEDROOMS CHALET in Swan Lake,"Swan Lake, Qesm Ad Dabaah, North Coast",4 bedrooms,4 bathrooms,255 sqm,"5,650,000 EGP"
493,Apartment,Apartment for Sale in Palm Parks 153m,"Palm Parks Palm Hills, South Dahshur Link, 6 October City, Giza",2 bedrooms,2 bathrooms,153 sqm,"3,400,000 EGP"
494,Penthouse,Own Now Chalet Penthouse With 10% dp Sea view,"Mesca, Soma Bay, Safaga, Hurghada, Red Sea",3 bedrooms,2 bathrooms,,"6,510,000 EGP"
495,Apartment,Apartment 91m 1st floor in palm parks,"Palm Parks Palm Hills, South Dahshur Link, 6 October City, Giza",1 bedroom,1 bathroom,91 sqm,"1,314,480 EGP"
496,Villa,Villa with installment on 9 years in New Capital,"IL Bosco, New Capital Compounds, New Capital City, Cairo",4 bedrooms,4 bathrooms,300 sqm,"200,000 EGP"
497,Chalet,Sea View || Ready To move || fourth row,"La Vista Bay, La Vista, Qesm Ad Dabaah, North Coast",3 bedrooms,3 bathrooms,150 sqm,"1,837,500 EGP"
498,Villa,standalone villa for sale in hacienda bay,"Hacienda Bay, Sidi Abdel Rahman, North Coast",4 bedrooms,6 bathrooms,355 sqm,"15,000,000 EGP"
499,Twin House,First Row Lagoon ready to move pay 2 M,"Mountain View, Ras Al Hekma, North Coast",3 bathrooms,387 sqm,,"2,100,000 EGP"
